2017-01-03 00:00:00+00:00,0.0
2017-01-04 00:00:00+00:00,0.0
2017-01-05 00:00:00+00:00,0.0
2017-01-06 00:00:00+00:00,0.0
2017-01-09 00:00:00+00:00,0.0
2017-01-10 00:00:00+00:00,0.0
2017-01-11 00:00:00+00:00,0.0
2017-01-12 00:00:00+00:00,0.0
2017-01-13 00:00:00+00:00,0.0
2017-01-16 00:00:00+00:00,0.0
2017-01-17 00:00:00+00:00,0.0
2017-01-18 00:00:00+00:00,0.0
2017-01-19 00:00:00+00:00,0.0
2017-01-20 00:00:00+00:00,0.0
2017-01-23 00:00:00+00:00,0.0
2017-01-24 00:00:00+00:00,0.001964138680000005
2017-01-25 00:00:00+00:00,-0.0011349707600294412
2017-01-26 00:00:00+00:00,0.002337167305953125
2017-02-03 00:00:00+00:00,-0.0020621710865751375
2017-02-06 00:00:00+00:00,0.0002673066740470631
2017-02-07 00:00:00+00:00,-0.00040584604503490773
2017-02-08 00:00:00+00:00,0.0020697160970641892
2017-02-09 00:00:00+00:00,0.0003092628597203273
2017-02-10 00:00:00+00:00,0.0036127318906520323
2017-02-13 00:00:00+00:00,0.0021637291103078216
2017-02-14 00:00:00+00:00,0.0010516833666165404
2017-02-15 00:00:00+00:00,-0.0029567256137279507
2017-02-16 00:00:00+00:00,0.004087395387037729
2017-02-17 00:00:00+00:00,-0.0038015086123837083
2017-02-20 00:00:00+00:00,0.002770745072711245
2017-02-21 00:00:00+00:00,0.0007464250791791027
2017-02-22 00:00:00+00:00,-0.000988985224117056
2017-02-23 00:00:00+00:00,-0.0018596358785378797
2017-02-24 00:00:00+00:00,-0.0015656273945936494
2017-02-27 00:00:00+00:00,0.00020023974480576356
2017-02-28 00:00:00+00:00,0.0
2017-03-01 00:00:00+00:00,0.0
2017-03-02 00:00:00+00:00,0.0
2017-03-03 00:00:00+00:00,0.0
2017-03-06 00:00:00+00:00,0.0
2017-03-07 00:00:00+00:00,0.0
2017-03-08 00:00:00+00:00,0.0
2017-03-09 00:00:00+00:00,0.0
2017-03-10 00:00:00+00:00,0.0
2017-03-13 00:00:00+00:00,0.0
2017-03-14 00:00:00+00:00,0.0
2017-03-15 00:00:00+00:00,0.0
2017-03-16 00:00:00+00:00,0.0
2017-03-17 00:00:00+00:00,-0.002769271490457248
2017-03-20 00:00:00+00:00,0.004890305540823592
2017-03-21 00:00:00+00:00,-0.0003348482198656244
2017-03-22 00:00:00+00:00,-0.0014341164348659063
2017-03-23 00:00:00+00:00,-0.00029142538652116023
2017-03-24 00:00:00+00:00,0.00029558254580708265
2017-03-27 00:00:00+00:00,-0.0013017278581516356
2017-03-28 00:00:00+00:00,4.133200049860619e-05
2017-03-29 00:00:00+00:00,0.0
2017-03-30 00:00:00+00:00,-0.0016002094889359109
2017-03-31 00:00:00+00:00,-0.00026636153618109226
2017-04-05 00:00:00+00:00,0.0019129067055312365
2017-04-06 00:00:00+00:00,-0.0002329264405274145
2017-04-07 00:00:00+00:00,-0.00018843296690540523
2017-04-10 00:00:00+00:00,-8.553186981496985e-05
2017-04-11 00:00:00+00:00,-0.0009288958829941629
2017-04-12 00:00:00+00:00,-0.0015750857231364712
2017-04-13 00:00:00+00:00,0.001621344848596662
2017-04-14 00:00:00+00:00,-0.000466302957847331
2017-04-17 00:00:00+00:00,-0.0020817132628444535
2017-04-18 00:00:00+00:00,-7.722882903771211e-05
2017-04-19 00:00:00+00:00,0.0
2017-04-20 00:00:00+00:00,0.0
2017-04-21 00:00:00+00:00,0.0
2017-04-24 00:00:00+00:00,0.0
2017-04-25 00:00:00+00:00,0.0
2017-04-26 00:00:00+00:00,0.0
2017-04-27 00:00:00+00:00,0.0
2017-04-28 00:00:00+00:00,0.0
2017-05-02 00:00:00+00:00,0.0
2017-05-03 00:00:00+00:00,0.0
2017-05-04 00:00:00+00:00,0.0
2017-05-05 00:00:00+00:00,0.0
2017-05-08 00:00:00+00:00,0.0
2017-05-09 00:00:00+00:00,0.0
2017-05-10 00:00:00+00:00,0.0
2017-05-11 00:00:00+00:00,0.0
2017-05-12 00:00:00+00:00,0.0
2017-05-15 00:00:00+00:00,0.0
2017-05-16 00:00:00+00:00,0.0
2017-05-17 00:00:00+00:00,0.0
2017-05-18 00:00:00+00:00,0.0
2017-05-19 00:00:00+00:00,0.0
2017-05-22 00:00:00+00:00,0.0
2017-05-23 00:00:00+00:00,0.0
2017-05-24 00:00:00+00:00,0.0
2017-05-25 00:00:00+00:00,0.0
2017-05-26 00:00:00+00:00,6.135364318837766e-05
2017-05-31 00:00:00+00:00,-0.0005964531660783701
2017-06-01 00:00:00+00:00,-0.00227718237804031
2017-06-02 00:00:00+00:00,-0.00055272617780322
2017-06-05 00:00:00+00:00,0.0008153390735159416
2017-06-06 00:00:00+00:00,0.00045071240323912853
2017-06-07 00:00:00+00:00,0.0019580752877459418
2017-06-08 00:00:00+00:00,-0.000389831490494541
2017-06-09 00:00:00+00:00,0.0003271667109134846
2017-06-12 00:00:00+00:00,-0.0007102267282504959
2017-06-13 00:00:00+00:00,0.004044495877046916
2017-06-14 00:00:00+00:00,-1.8010149742342385e-05
2017-06-15 00:00:00+00:00,4.6668024084484117e-05
2017-06-16 00:00:00+00:00,-0.0006734209970864491
2017-06-19 00:00:00+00:00,0.002621719462170047
2017-06-20 00:00:00+00:00,-0.0007448057486247883
2017-06-21 00:00:00+00:00,-0.00025004373581716255
2017-06-22 00:00:00+00:00,-0.0014703187157143471
2017-06-23 00:00:00+00:00,0.0003450495997132652
2017-06-26 00:00:00+00:00,0.0025923533522509423
2017-06-27 00:00:00+00:00,0.0023843490745709683
2017-06-28 00:00:00+00:00,-0.00039184158765259713
2017-06-29 00:00:00+00:00,0.002689481261064719
2017-06-30 00:00:00+00:00,-0.0005870578147701977
2017-07-03 00:00:00+00:00,0.0033702993412731974
2017-07-04 00:00:00+00:00,-0.001295886112581135
2017-07-05 00:00:00+00:00,0.0022379169229815865
2017-07-06 00:00:00+00:00,0.0027577568872079183
2017-07-07 00:00:00+00:00,0.002666637695106555
2017-07-10 00:00:00+00:00,-0.001217090168816215
2017-07-11 00:00:00+00:00,-0.004781959150104709
2017-07-12 00:00:00+00:00,0.0020925198545527213
2017-07-13 00:00:00+00:00,0.001041224931639384
2017-07-14 00:00:00+00:00,1.8556430147365077e-05
2017-07-17 00:00:00+00:00,-0.0017950313064116763
2017-07-18 00:00:00+00:00,0.006690629897090128
2017-07-19 00:00:00+00:00,0.010452777487734766
2017-07-20 00:00:00+00:00,-0.0010827626233675947
2017-07-21 00:00:00+00:00,0.0008597537008094847
2017-07-24 00:00:00+00:00,-0.002791944339116781
2017-07-25 00:00:00+00:00,-0.00016952966715111373
2017-07-26 00:00:00+00:00,-2.075829533132456e-05
2017-07-27 00:00:00+00:00,-0.0059428159102863365
2017-07-28 00:00:00+00:00,0.003027815046471094
2017-07-31 00:00:00+00:00,0.007873966966614132
2017-08-01 00:00:00+00:00,-0.0051573341768671455
2017-08-02 00:00:00+00:00,0.0018310359356867867
2017-08-03 00:00:00+00:00,0.0025098162447210193
2017-08-04 00:00:00+00:00,-0.000666893847963812
2017-08-07 00:00:00+00:00,0.003569484849402782
2017-08-08 00:00:00+00:00,-0.003330413677130495
2017-08-09 00:00:00+00:00,0.009025344312142414
2017-08-10 00:00:00+00:00,-0.003389911788396316
2017-08-11 00:00:00+00:00,-0.011149791634527784
2017-08-14 00:00:00+00:00,6.946164747856365e-05
2017-08-15 00:00:00+00:00,0.0
2017-08-16 00:00:00+00:00,0.0
2017-08-17 00:00:00+00:00,0.0
2017-08-18 00:00:00+00:00,0.0
2017-08-21 00:00:00+00:00,0.0
2017-08-22 00:00:00+00:00,-0.0011082825509858285
2017-08-23 00:00:00+00:00,-0.002138700058284093
2017-08-24 00:00:00+00:00,0.0
2017-08-25 00:00:00+00:00,0.0
2017-08-28 00:00:00+00:00,0.0038751435115176314
2017-08-29 00:00:00+00:00,-0.0014851183801445345
2017-08-30 00:00:00+00:00,0.004816060922948173
2017-08-31 00:00:00+00:00,0.0021177778041630013
2017-09-01 00:00:00+00:00,0.008977767228834477
2017-09-04 00:00:00+00:00,-0.00048542269104623337
2017-09-05 00:00:00+00:00,-0.0005215799229717488
2017-09-06 00:00:00+00:00,0.00023040082162983921
2017-09-07 00:00:00+00:00,-0.00389272365384552
2017-09-08 00:00:00+00:00,0.002033808261454162
2017-09-11 00:00:00+00:00,0.002636674010123352
2017-09-12 00:00:00+00:00,0.000801579600566038
2017-09-13 00:00:00+00:00,0.0012325943441799936
2017-09-14 00:00:00+00:00,-0.0044801874335098635
2017-09-15 00:00:00+00:00,-0.008184478585685162
2017-09-18 00:00:00+00:00,-0.0011953520776339932
2017-09-19 00:00:00+00:00,0.0
2017-09-20 00:00:00+00:00,0.0
2017-09-21 00:00:00+00:00,0.0
2017-09-22 00:00:00+00:00,0.0
2017-09-25 00:00:00+00:00,0.0
2017-09-26 00:00:00+00:00,0.0
2017-09-27 00:00:00+00:00,0.0
2017-09-28 00:00:00+00:00,0.0
2017-09-29 00:00:00+00:00,0.0
2017-10-09 00:00:00+00:00,0.0
2017-10-10 00:00:00+00:00,0.0
2017-10-11 00:00:00+00:00,0.0
2017-10-12 00:00:00+00:00,0.0
2017-10-13 00:00:00+00:00,0.0
2017-10-16 00:00:00+00:00,0.0
2017-10-17 00:00:00+00:00,0.0
2017-10-18 00:00:00+00:00,0.0
2017-10-19 00:00:00+00:00,0.0
2017-10-20 00:00:00+00:00,0.0
2017-10-23 00:00:00+00:00,0.0
2017-10-24 00:00:00+00:00,0.0
2017-10-25 00:00:00+00:00,0.0
2017-10-26 00:00:00+00:00,0.0
2017-10-27 00:00:00+00:00,0.0
2017-10-30 00:00:00+00:00,0.0
2017-10-31 00:00:00+00:00,0.0
2017-11-01 00:00:00+00:00,0.0
2017-11-02 00:00:00+00:00,0.0
2017-11-03 00:00:00+00:00,0.0
2017-11-06 00:00:00+00:00,0.0
2017-11-07 00:00:00+00:00,0.0
2017-11-08 00:00:00+00:00,0.0
2017-11-09 00:00:00+00:00,0.0
2017-11-10 00:00:00+00:00,-0.001540641587045144
2017-11-13 00:00:00+00:00,-0.0010897846716190207
2017-11-14 00:00:00+00:00,0.0019331557508117658
2017-11-15 00:00:00+00:00,-0.0025983407609482256
2017-11-16 00:00:00+00:00,-0.003418848053419188
2017-11-17 00:00:00+00:00,-0.0004589844615184857
2017-11-20 00:00:00+00:00,0.0
2017-11-21 00:00:00+00:00,0.0
2017-11-22 00:00:00+00:00,0.0
2017-11-23 00:00:00+00:00,0.0
2017-11-24 00:00:00+00:00,0.0
2017-11-27 00:00:00+00:00,0.0
2017-11-28 00:00:00+00:00,0.0
2017-11-29 00:00:00+00:00,0.0027354408089588222
2017-11-30 00:00:00+00:00,-0.0003660253045151274
2017-12-01 00:00:00+00:00,-0.001535610497750639
2017-12-04 00:00:00+00:00,-0.0010409808827669398
2017-12-05 00:00:00+00:00,-0.003803598199094038
2017-12-06 00:00:00+00:00,-0.0010471418505088037
2017-12-07 00:00:00+00:00,0.0
2017-12-08 00:00:00+00:00,0.0
2017-12-11 00:00:00+00:00,0.0
2017-12-12 00:00:00+00:00,0.0
2017-12-13 00:00:00+00:00,0.0
2017-12-14 00:00:00+00:00,0.0
2017-12-15 00:00:00+00:00,0.0
2017-12-18 00:00:00+00:00,0.0
2017-12-19 00:00:00+00:00,0.0002530419101249848
2017-12-20 00:00:00+00:00,-0.0012780006315340486
2017-12-21 00:00:00+00:00,-0.00037948232699080986
2017-12-22 00:00:00+00:00,0.0008152390749074367
2017-12-25 00:00:00+00:00,-0.002813914993260669
2017-12-26 00:00:00+00:00,-0.0001888173834243556
2017-12-27 00:00:00+00:00,0.003022194291714131
2017-12-28 00:00:00+00:00,0.003287215871865312
2017-12-29 00:00:00+00:00,-0.0009337796277314458
2018-01-02 00:00:00+00:00,0.005889896186649146
2018-01-03 00:00:00+00:00,-0.00012955563255634406
2018-01-04 00:00:00+00:00,0.002218793826302523
2018-01-05 00:00:00+00:00,-0.0013280181782815426
2018-01-08 00:00:00+00:00,0.006925343143814988
2018-01-09 00:00:00+00:00,-0.0005178424394883807
2018-01-10 00:00:00+00:00,-0.0024406581996274657
2018-01-11 00:00:00+00:00,-0.002749672959340921
2018-01-12 00:00:00+00:00,-0.00023198942160229663
2018-01-15 00:00:00+00:00,-0.006926413371060036
2018-01-16 00:00:00+00:00,-8.163303846697723e-05
2018-01-17 00:00:00+00:00,0.0
2018-01-18 00:00:00+00:00,0.0
2018-01-19 00:00:00+00:00,0.0
2018-01-22 00:00:00+00:00,0.0
2018-01-23 00:00:00+00:00,0.001345249729053366
2018-01-24 00:00:00+00:00,-0.002042839286138687
2018-01-25 00:00:00+00:00,0.0026118515439526035
2018-01-26 00:00:00+00:00,-0.0005269282960913557
2018-01-29 00:00:00+00:00,0.004499379105389112
2018-01-30 00:00:00+00:00,-4.45558547560454e-05
2018-01-31 00:00:00+00:00,-0.0015453203747836097
2018-02-01 00:00:00+00:00,-0.0041882936474568755
2018-02-02 00:00:00+00:00,0.010146961499591045
2018-02-05 00:00:00+00:00,0.004225654557046932
2018-02-06 00:00:00+00:00,-0.008326330726034392
2018-02-07 00:00:00+00:00,-0.0017186220641474126
2018-02-08 00:00:00+00:00,-0.0052446392160894195
2018-02-09 00:00:00+00:00,-0.005929019318952622
2018-02-12 00:00:00+00:00,0.0
2018-02-13 00:00:00+00:00,0.0
2018-02-14 00:00:00+00:00,0.0
2018-02-22 00:00:00+00:00,0.0
2018-02-23 00:00:00+00:00,0.0
2018-02-26 00:00:00+00:00,0.0
2018-02-27 00:00:00+00:00,0.0
2018-02-28 00:00:00+00:00,0.0
2018-03-01 00:00:00+00:00,0.0
2018-03-02 00:00:00+00:00,0.0
2018-03-05 00:00:00+00:00,0.0
2018-03-06 00:00:00+00:00,0.0
2018-03-07 00:00:00+00:00,0.0
2018-03-08 00:00:00+00:00,0.0
2018-03-09 00:00:00+00:00,0.0
2018-03-12 00:00:00+00:00,0.0
2018-03-13 00:00:00+00:00,0.0
2018-03-14 00:00:00+00:00,0.0
2018-03-15 00:00:00+00:00,0.0
2018-03-16 00:00:00+00:00,0.0
2018-03-19 00:00:00+00:00,0.0
2018-03-20 00:00:00+00:00,0.0
2018-03-21 00:00:00+00:00,0.0
2018-03-22 00:00:00+00:00,0.0
2018-03-23 00:00:00+00:00,0.0
2018-03-26 00:00:00+00:00,0.0
2018-03-27 00:00:00+00:00,0.0
2018-03-28 00:00:00+00:00,0.0
2018-03-29 00:00:00+00:00,0.0
2018-03-30 00:00:00+00:00,0.0
2018-04-02 00:00:00+00:00,0.0
2018-04-03 00:00:00+00:00,0.0
2018-04-04 00:00:00+00:00,0.0
2018-04-09 00:00:00+00:00,0.0
2018-04-10 00:00:00+00:00,0.0
2018-04-11 00:00:00+00:00,0.0
2018-04-12 00:00:00+00:00,0.0
2018-04-13 00:00:00+00:00,0.0
2018-04-16 00:00:00+00:00,0.0
2018-04-17 00:00:00+00:00,0.0
2018-04-18 00:00:00+00:00,0.0
2018-04-19 00:00:00+00:00,0.0
2018-04-20 00:00:00+00:00,0.0
2018-04-23 00:00:00+00:00,0.0
2018-04-24 00:00:00+00:00,0.0
2018-04-25 00:00:00+00:00,-0.00025294551380583563
2018-04-26 00:00:00+00:00,0.00017453972823333608
2018-04-27 00:00:00+00:00,0.0
2018-05-02 00:00:00+00:00,0.0
2018-05-03 00:00:00+00:00,0.0
2018-05-04 00:00:00+00:00,0.0
2018-05-07 00:00:00+00:00,0.0
2018-05-08 00:00:00+00:00,0.000820516618363909
2018-05-09 00:00:00+00:00,3.938398176694946e-06
2018-05-10 00:00:00+00:00,0.001866005707054752
2018-05-11 00:00:00+00:00,0.001073077639197173
2018-05-14 00:00:00+00:00,-0.0009662955564284648
2018-05-15 00:00:00+00:00,0.00011949120257837009
2018-05-16 00:00:00+00:00,-0.0007665781066765742
2018-05-17 00:00:00+00:00,-1.8584261946119618e-05
2018-05-18 00:00:00+00:00,0.004926690904340392
2018-05-21 00:00:00+00:00,-0.00024119823614454639
2018-05-22 00:00:00+00:00,-0.001407606462390909
2018-05-23 00:00:00+00:00,-0.006651009517386175
2018-05-24 00:00:00+00:00,-0.00037894772544111444
2018-05-25 00:00:00+00:00,0.0
2018-05-28 00:00:00+00:00,0.0
2018-05-29 00:00:00+00:00,0.0
2018-05-30 00:00:00+00:00,0.0
2018-05-31 00:00:00+00:00,0.0
2018-06-01 00:00:00+00:00,0.0
2018-06-04 00:00:00+00:00,0.0
2018-06-05 00:00:00+00:00,0.0
2018-06-06 00:00:00+00:00,0.0
2018-06-07 00:00:00+00:00,0.0
2018-06-08 00:00:00+00:00,0.0
2018-06-11 00:00:00+00:00,0.0
2018-06-12 00:00:00+00:00,0.0
2018-06-13 00:00:00+00:00,-0.0013485067284957353
2018-06-14 00:00:00+00:00,-0.00045981979542819573
2018-06-15 00:00:00+00:00,0.0020656666277596436
2018-06-19 00:00:00+00:00,-0.007289538743364132
2018-06-20 00:00:00+00:00,-0.0009648921238775143
2018-06-21 00:00:00+00:00,0.0
2018-06-22 00:00:00+00:00,0.0
2018-06-25 00:00:00+00:00,-0.0043240706069777035
2018-06-26 00:00:00+00:00,-0.0031967773296874835
2018-06-27 00:00:00+00:00,0.0
2018-06-28 00:00:00+00:00,0.0
2018-06-29 00:00:00+00:00,0.0
2018-07-02 00:00:00+00:00,0.0
2018-07-03 00:00:00+00:00,0.0
2018-07-04 00:00:00+00:00,0.0
2018-07-05 00:00:00+00:00,0.0
2018-07-06 00:00:00+00:00,0.0
2018-07-09 00:00:00+00:00,0.0
2018-07-10 00:00:00+00:00,0.0
2018-07-11 00:00:00+00:00,0.0
2018-07-12 00:00:00+00:00,0.0
2018-07-13 00:00:00+00:00,0.0
2018-07-16 00:00:00+00:00,0.0
2018-07-17 00:00:00+00:00,0.0
2018-07-18 00:00:00+00:00,0.0
2018-07-19 00:00:00+00:00,0.0
2018-07-20 00:00:00+00:00,0.0
2018-07-23 00:00:00+00:00,0.0
2018-07-24 00:00:00+00:00,0.0032367951926426386
2018-07-25 00:00:00+00:00,0.00027310613709707887
2018-07-26 00:00:00+00:00,-0.0005606488011865585
2018-07-27 00:00:00+00:00,0.0003402564306536071
2018-07-30 00:00:00+00:00,0.000669489618238206
2018-07-31 00:00:00+00:00,-0.0016354574614184658
2018-08-01 00:00:00+00:00,-0.0031923558869152435
2018-08-02 00:00:00+00:00,-0.0007734228175397817
2018-08-03 00:00:00+00:00,0.0
2018-08-06 00:00:00+00:00,0.0
2018-08-07 00:00:00+00:00,0.0
2018-08-08 00:00:00+00:00,-0.00034460636237410025
2018-08-09 00:00:00+00:00,0.001105788344902825
2018-08-10 00:00:00+00:00,-0.00112222715470911
2018-08-13 00:00:00+00:00,0.00017579613161355923
2018-08-14 00:00:00+00:00,0.0009418003357961613
2018-08-15 00:00:00+00:00,-0.0035668845521423798
2018-08-16 00:00:00+00:00,-0.001799658658203529
2018-08-17 00:00:00+00:00,0.0
2018-08-20 00:00:00+00:00,0.0
2018-08-21 00:00:00+00:00,0.0
2018-08-22 00:00:00+00:00,0.0
2018-08-23 00:00:00+00:00,0.0
2018-08-24 00:00:00+00:00,0.0
2018-08-27 00:00:00+00:00,0.0
2018-08-28 00:00:00+00:00,0.0
2018-08-29 00:00:00+00:00,-0.0007391601019377525
2018-08-30 00:00:00+00:00,-0.0001805113265880287
2018-08-31 00:00:00+00:00,0.0
2018-09-03 00:00:00+00:00,0.0
2018-09-04 00:00:00+00:00,0.0
2018-09-05 00:00:00+00:00,0.0
2018-09-06 00:00:00+00:00,0.0
2018-09-07 00:00:00+00:00,0.0
2018-09-10 00:00:00+00:00,0.0
2018-09-11 00:00:00+00:00,0.0
2018-09-12 00:00:00+00:00,0.0
2018-09-13 00:00:00+00:00,0.0
2018-09-14 00:00:00+00:00,0.0
2018-09-17 00:00:00+00:00,0.0
2018-09-18 00:00:00+00:00,0.0
2018-09-19 00:00:00+00:00,0.0
2018-09-20 00:00:00+00:00,-0.0003861158373842377
2018-09-21 00:00:00+00:00,0.00392101285206059
2018-09-25 00:00:00+00:00,-0.0008492398966404302
2018-09-26 00:00:00+00:00,0.0005082650226253538
2018-09-27 00:00:00+00:00,0.00031837241397414395
2018-09-28 00:00:00+00:00,0.0006477113422993508
2018-10-08 00:00:00+00:00,-0.002243952594635168
2018-10-09 00:00:00+00:00,0.00368658495562757
2018-10-10 00:00:00+00:00,0.001469960650452018
2018-10-11 00:00:00+00:00,-0.006149050952641066
2018-10-12 00:00:00+00:00,-0.0003264100928516145
2018-10-15 00:00:00+00:00,-0.0044351509081925755
2018-10-16 00:00:00+00:00,-0.00048235520019468403
2018-10-17 00:00:00+00:00,0.0
2018-10-18 00:00:00+00:00,0.0
2018-10-19 00:00:00+00:00,0.0
2018-10-22 00:00:00+00:00,0.0
2018-10-23 00:00:00+00:00,0.0
2018-10-24 00:00:00+00:00,0.0
2018-10-25 00:00:00+00:00,0.0
2018-10-26 00:00:00+00:00,0.0
2018-10-29 00:00:00+00:00,-0.003532184198152044
2018-10-30 00:00:00+00:00,-0.0005228193272587278
2018-10-31 00:00:00+00:00,0.0
2018-11-01 00:00:00+00:00,-0.0013230864955354749
2018-11-02 00:00:00+00:00,0.0022551837028970123
2018-11-05 00:00:00+00:00,-0.0001587091602486268
2018-11-06 00:00:00+00:00,-0.00023820328205703678
2018-11-07 00:00:00+00:00,-0.0015262484004913146
2018-11-08 00:00:00+00:00,0.0001373032234999183
2018-11-09 00:00:00+00:00,-0.0014717047953241025
2018-11-12 00:00:00+00:00,-0.00048127600788772096
2018-11-13 00:00:00+00:00,0.0
2018-11-14 00:00:00+00:00,0.0007244186264074859
2018-11-15 00:00:00+00:00,0.00159576491863489
2018-11-16 00:00:00+00:00,-0.0005674798171731998
2018-11-19 00:00:00+00:00,0.0010203106915571691
2018-11-20 00:00:00+00:00,-0.0034219756181433914
2018-11-21 00:00:00+00:00,-0.0014962943009162455
2018-11-22 00:00:00+00:00,0.0
2018-11-23 00:00:00+00:00,0.0
2018-11-26 00:00:00+00:00,0.0
2018-11-27 00:00:00+00:00,0.0
2018-11-28 00:00:00+00:00,0.0
2018-11-29 00:00:00+00:00,0.0
2018-11-30 00:00:00+00:00,0.0
2018-12-03 00:00:00+00:00,0.0
2018-12-04 00:00:00+00:00,0.0
2018-12-05 00:00:00+00:00,0.0
2018-12-06 00:00:00+00:00,0.0
2018-12-07 00:00:00+00:00,0.0
2018-12-10 00:00:00+00:00,-0.0005092794533703149
2018-12-11 00:00:00+00:00,-0.0003715335573437617
2018-12-12 00:00:00+00:00,0.0
2018-12-13 00:00:00+00:00,0.0
2018-12-14 00:00:00+00:00,-0.002133955311566016
2018-12-17 00:00:00+00:00,-0.0005117045309690482
2018-12-18 00:00:00+00:00,0.0
2018-12-19 00:00:00+00:00,0.0
2018-12-20 00:00:00+00:00,0.0
2018-12-21 00:00:00+00:00,0.0
2018-12-24 00:00:00+00:00,0.0
2018-12-25 00:00:00+00:00,0.0
2018-12-26 00:00:00+00:00,0.0
2018-12-27 00:00:00+00:00,0.0
2018-12-28 00:00:00+00:00,0.0
2019-01-02 00:00:00+00:00,0.0
2019-01-03 00:00:00+00:00,0.0
2019-01-04 00:00:00+00:00,0.0
2019-01-07 00:00:00+00:00,0.0
2019-01-08 00:00:00+00:00,0.0
2019-01-09 00:00:00+00:00,0.0
2019-01-10 00:00:00+00:00,0.00010122552607216839
2019-01-11 00:00:00+00:00,0.0018589903044305967
2019-01-14 00:00:00+00:00,0.0022717896418096295
2019-01-15 00:00:00+00:00,-0.000881028076448076
2019-01-16 00:00:00+00:00,0.0020199117011407974
2019-01-17 00:00:00+00:00,0.0020612968982705038
2019-01-18 00:00:00+00:00,0.001621567016526937
2019-01-21 00:00:00+00:00,0.00012487845483954985
2019-01-22 00:00:00+00:00,-0.0022559778249250373
2019-01-23 00:00:00+00:00,-0.00073557219894127
2019-01-24 00:00:00+00:00,-0.0008613509716943746
2019-01-25 00:00:00+00:00,-0.0003530507480957734
2019-01-28 00:00:00+00:00,-0.0008489086674559054
2019-01-29 00:00:00+00:00,0.00015888532704977365
2019-01-30 00:00:00+00:00,0.0
2019-01-31 00:00:00+00:00,0.0
2019-02-01 00:00:00+00:00,0.0
2019-02-11 00:00:00+00:00,0.0
2019-02-12 00:00:00+00:00,0.002474066105932149
2019-02-13 00:00:00+00:00,0.0006771434696624112
2019-02-14 00:00:00+00:00,-0.00014180011931508307
2019-02-15 00:00:00+00:00,-0.0014673448900855979
2019-02-18 00:00:00+00:00,0.0032660459594267
2019-02-19 00:00:00+00:00,-0.0009313249169363713
2019-02-20 00:00:00+00:00,0.0021272053478942343
2019-02-21 00:00:00+00:00,-0.0006142809774326574
2019-02-22 00:00:00+00:00,0.0008642650510499728
2019-02-25 00:00:00+00:00,0.006732539675028626
2019-02-26 00:00:00+00:00,0.0021801454654148955
2019-02-27 00:00:00+00:00,-0.00027931619594323553
2019-02-28 00:00:00+00:00,-0.0008700213565188131
2019-03-01 00:00:00+00:00,0.002260798302597067
2019-03-04 00:00:00+00:00,0.0007209099707232713
2019-03-05 00:00:00+00:00,0.0009715470615059285
2019-03-06 00:00:00+00:00,0.0029663540838742453
2019-03-07 00:00:00+00:00,0.0022601477944006465
2019-03-08 00:00:00+00:00,-0.009011910615271401
2019-03-11 00:00:00+00:00,0.0032271020610692425
2019-03-12 00:00:00+00:00,0.0010314011788368216
2019-03-13 00:00:00+00:00,-0.0023869876416119373
2019-03-14 00:00:00+00:00,-0.0011531734232608226
2019-03-15 00:00:00+00:00,0.0005502608824583533
2019-03-18 00:00:00+00:00,0.003418876048395081
2019-03-19 00:00:00+00:00,-0.0006660971174542452
2019-03-20 00:00:00+00:00,-7.753046980385481e-05
2019-03-21 00:00:00+00:00,0.00010917377605146328
2019-03-22 00:00:00+00:00,4.016995710753868e-05
2019-03-25 00:00:00+00:00,-0.0033212190653001405
2019-03-26 00:00:00+00:00,0.0007363613620838816
2019-03-27 00:00:00+00:00,0.0
2019-03-28 00:00:00+00:00,0.0
2019-03-29 00:00:00+00:00,0.0
2019-04-01 00:00:00+00:00,0.004234951254603825
2019-04-02 00:00:00+00:00,0.0013477517528099892
2019-04-03 00:00:00+00:00,0.0025993629545948416
2019-04-04 00:00:00+00:00,0.003552699474343779
2019-04-08 00:00:00+00:00,0.003626595567098212
2019-04-09 00:00:00+00:00,-0.0014319120739443303
2019-04-10 00:00:00+00:00,0.00018666770019626355
2019-04-11 00:00:00+00:00,-0.0027113386826430608
2019-04-12 00:00:00+00:00,-0.00110014584104845
2019-04-15 00:00:00+00:00,0.000300850368906147
2019-04-16 00:00:00+00:00,0.00515336472364103
2019-04-17 00:00:00+00:00,0.0030940657817721817
2019-04-18 00:00:00+00:00,0.0002234001023391219
2019-04-19 00:00:00+00:00,0.005774407910096313
2019-04-22 00:00:00+00:00,-0.0050228988199740865
2019-04-23 00:00:00+00:00,-0.003054658152187195
2019-04-24 00:00:00+00:00,0.0021519909591323216
2019-04-25 00:00:00+00:00,-0.008181919743661226
2019-04-26 00:00:00+00:00,-0.0013681799904796677
2019-04-29 00:00:00+00:00,0.0
2019-04-30 00:00:00+00:00,0.0
2019-05-06 00:00:00+00:00,0.0
2019-05-07 00:00:00+00:00,0.0
2019-05-08 00:00:00+00:00,0.0
2019-05-09 00:00:00+00:00,0.0
2019-05-10 00:00:00+00:00,0.0
2019-05-13 00:00:00+00:00,0.0
2019-05-14 00:00:00+00:00,0.0
2019-05-15 00:00:00+00:00,0.0
2019-05-16 00:00:00+00:00,0.0
2019-05-17 00:00:00+00:00,0.0
2019-05-20 00:00:00+00:00,0.0
2019-05-21 00:00:00+00:00,0.0
2019-05-22 00:00:00+00:00,0.0
2019-05-23 00:00:00+00:00,0.0
2019-05-24 00:00:00+00:00,0.0
2019-05-27 00:00:00+00:00,0.0
2019-05-28 00:00:00+00:00,0.0
2019-05-29 00:00:00+00:00,0.0
2019-05-30 00:00:00+00:00,0.0
2019-05-31 00:00:00+00:00,0.0
2019-06-03 00:00:00+00:00,0.0
2019-06-04 00:00:00+00:00,0.0
2019-06-05 00:00:00+00:00,0.0
2019-06-06 00:00:00+00:00,0.0
2019-06-10 00:00:00+00:00,0.0
2019-06-11 00:00:00+00:00,0.0
2019-06-12 00:00:00+00:00,0.0
2019-06-13 00:00:00+00:00,0.0
2019-06-14 00:00:00+00:00,0.0
2019-06-17 00:00:00+00:00,0.0
2019-06-18 00:00:00+00:00,0.0
2019-06-19 00:00:00+00:00,0.0
2019-06-20 00:00:00+00:00,0.0029391976025814337
2019-06-21 00:00:00+00:00,0.0005893095982838492
2019-06-24 00:00:00+00:00,0.000813911407486323
2019-06-25 00:00:00+00:00,-0.0005520323265912896
2019-06-26 00:00:00+00:00,-0.0012990558349565973
2019-06-27 00:00:00+00:00,0.00014040330537468115
2019-06-28 00:00:00+00:00,-0.0012996675423037063
2019-07-01 00:00:00+00:00,0.003494232762962124
2019-07-02 00:00:00+00:00,-0.000164895537757892
2019-07-03 00:00:00+00:00,-0.001506942995431193
2019-07-04 00:00:00+00:00,-0.00041447042932440947
2019-07-05 00:00:00+00:00,-2.4273684706144216e-05
2019-07-08 00:00:00+00:00,-0.005768920478598671
2019-07-09 00:00:00+00:00,0.00014993349946768042
2019-07-10 00:00:00+00:00,0.0
2019-07-11 00:00:00+00:00,0.0
2019-07-12 00:00:00+00:00,0.0
2019-07-15 00:00:00+00:00,0.0
2019-07-16 00:00:00+00:00,0.0
2019-07-17 00:00:00+00:00,0.0
2019-07-18 00:00:00+00:00,0.0
2019-07-19 00:00:00+00:00,0.0
2019-07-22 00:00:00+00:00,0.0
2019-07-23 00:00:00+00:00,0.0
2019-07-24 00:00:00+00:00,0.0
2019-07-25 00:00:00+00:00,0.0
2019-07-26 00:00:00+00:00,0.0005601120983429464
2019-07-29 00:00:00+00:00,-0.0005886468538246481
2019-07-30 00:00:00+00:00,0.0013655806254169178
2019-07-31 00:00:00+00:00,-0.00013528277945629164
2019-08-01 00:00:00+00:00,-0.0008293936424751402
2019-08-02 00:00:00+00:00,-0.002544551693490993
2019-08-05 00:00:00+00:00,-0.0004733400994949566
2019-08-06 00:00:00+00:00,0.0
2019-08-07 00:00:00+00:00,0.0
2019-08-08 00:00:00+00:00,0.0
2019-08-09 00:00:00+00:00,0.0
2019-08-12 00:00:00+00:00,0.0
2019-08-13 00:00:00+00:00,0.0
2019-08-14 00:00:00+00:00,0.0
2019-08-15 00:00:00+00:00,0.0
2019-08-16 00:00:00+00:00,0.0
2019-08-19 00:00:00+00:00,0.0
2019-08-20 00:00:00+00:00,0.0
2019-08-21 00:00:00+00:00,-8.197098450546392e-05
2019-08-22 00:00:00+00:00,-0.00012349481530193884
2019-08-23 00:00:00+00:00,0.00011407875507085663
2019-08-26 00:00:00+00:00,-0.0006863005673505285
2019-08-27 00:00:00+00:00,0.002191024221912752
2019-08-28 00:00:00+00:00,0.0010174378033538378
2019-08-29 00:00:00+00:00,-0.0007767377504968032
2019-08-30 00:00:00+00:00,-0.00145012954314927
2019-09-02 00:00:00+00:00,0.004091533034858097
2019-09-03 00:00:00+00:00,0.00010927290678575119
2019-09-04 00:00:00+00:00,0.0018873983219676038
2019-09-05 00:00:00+00:00,9.719264955521112e-05
2019-09-06 00:00:00+00:00,0.00022825593569475444
2019-09-09 00:00:00+00:00,0.0016945879541663267
2019-09-10 00:00:00+00:00,-0.00019727627800814052
2019-09-11 00:00:00+00:00,0.0013668779385211938
2019-09-12 00:00:00+00:00,-4.461603319227958e-05
2019-09-16 00:00:00+00:00,0.0003596272347246021
2019-09-17 00:00:00+00:00,-0.0034779613724483793
2019-09-18 00:00:00+00:00,-0.00038746766654540465
2019-09-19 00:00:00+00:00,0.00022853016388757474
2019-09-20 00:00:00+00:00,0.0
2019-09-23 00:00:00+00:00,0.0
2019-09-24 00:00:00+00:00,0.0
2019-09-25 00:00:00+00:00,0.0
2019-09-26 00:00:00+00:00,0.0
2019-09-27 00:00:00+00:00,0.0
2019-09-30 00:00:00+00:00,0.0
2019-10-08 00:00:00+00:00,0.0
2019-10-09 00:00:00+00:00,0.0
2019-10-10 00:00:00+00:00,0.0
2019-10-11 00:00:00+00:00,0.0
2019-10-14 00:00:00+00:00,0.0
2019-10-15 00:00:00+00:00,-0.0013359901819026687
2019-10-16 00:00:00+00:00,8.435504568216068e-05
2019-10-17 00:00:00+00:00,0.0
2019-10-18 00:00:00+00:00,0.0
2019-10-21 00:00:00+00:00,0.0
2019-10-22 00:00:00+00:00,0.0
2019-10-23 00:00:00+00:00,0.0
2019-10-24 00:00:00+00:00,0.0
2019-10-25 00:00:00+00:00,0.0
2019-10-28 00:00:00+00:00,0.0
2019-10-29 00:00:00+00:00,0.0
2019-10-30 00:00:00+00:00,0.0
2019-10-31 00:00:00+00:00,0.0
2019-11-01 00:00:00+00:00,0.0
2019-11-04 00:00:00+00:00,0.0
2019-11-05 00:00:00+00:00,0.0
2019-11-06 00:00:00+00:00,0.0
2019-11-07 00:00:00+00:00,0.0
2019-11-08 00:00:00+00:00,0.0
2019-11-11 00:00:00+00:00,0.0
2019-11-12 00:00:00+00:00,0.0
2019-11-13 00:00:00+00:00,0.0
2019-11-14 00:00:00+00:00,0.0
2019-11-15 00:00:00+00:00,0.0
2019-11-18 00:00:00+00:00,0.0
2019-11-19 00:00:00+00:00,0.0
2019-11-20 00:00:00+00:00,0.0
2019-11-21 00:00:00+00:00,0.0
2019-11-22 00:00:00+00:00,0.0
2019-11-25 00:00:00+00:00,0.004527547009678834
2019-11-26 00:00:00+00:00,-0.0021222279274609734
2019-11-27 00:00:00+00:00,-0.0012658273737334858
2019-11-28 00:00:00+00:00,-0.0011309268041835852
2019-11-29 00:00:00+00:00,0.00015672415613665613
2019-12-02 00:00:00+00:00,-0.0004892620554551863
2019-12-03 00:00:00+00:00,0.0005184602300176699
2019-12-04 00:00:00+00:00,-0.0009063362156613852
2019-12-05 00:00:00+00:00,0.00015803052069607304
2019-12-06 00:00:00+00:00,0.0
2019-12-09 00:00:00+00:00,0.0
2019-12-10 00:00:00+00:00,-0.0001979180095417199
2019-12-11 00:00:00+00:00,-6.713300130167799e-05
2019-12-12 00:00:00+00:00,-0.001439260337269599
2019-12-13 00:00:00+00:00,0.0005216272158414803
2019-12-16 00:00:00+00:00,0.0
2019-12-17 00:00:00+00:00,0.0019823656923856348
2019-12-18 00:00:00+00:00,-0.00029281613944898144
2019-12-19 00:00:00+00:00,0.0019269231720522306
2019-12-20 00:00:00+00:00,-0.0012153872335914917
2019-12-23 00:00:00+00:00,-0.002421162699363766
2019-12-24 00:00:00+00:00,0.0020269325335846577
2019-12-25 00:00:00+00:00,-0.000943802156048057
2019-12-26 00:00:00+00:00,0.001779204881077412
2019-12-27 00:00:00+00:00,0.0005556185710033912
2019-12-30 00:00:00+00:00,0.0019450800186746608
2019-12-31 00:00:00+00:00,0.00013418143835752794
2020-01-02 00:00:00+00:00,0.0005786233293667564
2020-01-03 00:00:00+00:00,-0.00021887104796958212
2020-01-06 00:00:00+00:00,0.001062880396617949
2020-01-07 00:00:00+00:00,0.002603581266641175
2020-01-08 00:00:00+00:00,-0.0035667646853233537
2020-01-09 00:00:00+00:00,0.0005187180113370715
2020-01-10 00:00:00+00:00,-0.0011179741425524359
2020-01-13 00:00:00+00:00,0.000396284573760175
2020-01-14 00:00:00+00:00,0.00014765298138552652
2020-01-15 00:00:00+00:00,-0.001988597008467763
2020-01-16 00:00:00+00:00,0.0001429292158217077
2020-01-17 00:00:00+00:00,0.0
2020-01-20 00:00:00+00:00,0.0
2020-01-21 00:00:00+00:00,0.0
2020-01-22 00:00:00+00:00,0.0
2020-01-23 00:00:00+00:00,0.0
2020-02-03 00:00:00+00:00,0.0
2020-02-04 00:00:00+00:00,0.0
2020-02-05 00:00:00+00:00,0.0
2020-02-06 00:00:00+00:00,0.0
2020-02-07 00:00:00+00:00,0.0
2020-02-10 00:00:00+00:00,0.0
2020-02-11 00:00:00+00:00,0.0
2020-02-12 00:00:00+00:00,0.0
2020-02-13 00:00:00+00:00,0.0
2020-02-14 00:00:00+00:00,0.0
2020-02-17 00:00:00+00:00,0.0
2020-02-18 00:00:00+00:00,-1.8129848730508158e-05
2020-02-19 00:00:00+00:00,-0.0006176233114180141
2020-02-20 00:00:00+00:00,0.0023829220588089672
2020-02-21 00:00:00+00:00,0.00019069759040135636
2020-02-24 00:00:00+00:00,-0.0008412752890603059
2020-02-25 00:00:00+00:00,-0.0015690563410424296
2020-02-26 00:00:00+00:00,0.0016770476030714132
2020-02-27 00:00:00+00:00,-0.0002706836933390466
2020-02-28 00:00:00+00:00,-0.004988456105731398
2020-03-02 00:00:00+00:00,0.000773166613916354
2020-03-03 00:00:00+00:00,-0.0010469418679144304
2020-03-04 00:00:00+00:00,0.001672247726749676
2020-03-05 00:00:00+00:00,0.002038659713609947
2020-03-06 00:00:00+00:00,-0.0017892424111027871
2020-03-09 00:00:00+00:00,-0.004452469412608018
2020-03-10 00:00:00+00:00,-0.001462098567688086
2020-03-11 00:00:00+00:00,0.0
2020-03-12 00:00:00+00:00,0.0
2020-03-13 00:00:00+00:00,0.0
2020-03-16 00:00:00+00:00,0.0
2020-03-17 00:00:00+00:00,0.0
2020-03-18 00:00:00+00:00,0.0
2020-03-19 00:00:00+00:00,0.0
2020-03-20 00:00:00+00:00,0.0
2020-03-23 00:00:00+00:00,0.0
2020-03-24 00:00:00+00:00,0.0
2020-03-25 00:00:00+00:00,0.0
2020-03-26 00:00:00+00:00,0.0
2020-03-27 00:00:00+00:00,0.0
2020-03-30 00:00:00+00:00,0.0
2020-03-31 00:00:00+00:00,0.0
2020-04-01 00:00:00+00:00,0.0
2020-04-02 00:00:00+00:00,0.0
2020-04-03 00:00:00+00:00,-0.001208941175336653
2020-04-07 00:00:00+00:00,0.001229204749595647
2020-04-08 00:00:00+00:00,0.0009483242867183161
2020-04-09 00:00:00+00:00,-0.00034491036743011794
2020-04-10 00:00:00+00:00,-0.0012893408861981426
2020-04-13 00:00:00+00:00,-0.0007416728520773797
2020-04-14 00:00:00+00:00,0.00015449851157689487
2020-04-15 00:00:00+00:00,-0.0009251539117507424
2020-04-16 00:00:00+00:00,-0.00037487280128178924
2020-04-17 00:00:00+00:00,0.0
2020-04-20 00:00:00+00:00,0.0
2020-04-21 00:00:00+00:00,0.0
2020-04-22 00:00:00+00:00,0.0
2020-04-23 00:00:00+00:00,0.0
2020-04-24 00:00:00+00:00,0.0
2020-04-27 00:00:00+00:00,0.0
2020-04-28 00:00:00+00:00,0.0
2020-04-29 00:00:00+00:00,0.0
2020-04-30 00:00:00+00:00,0.0
2020-05-06 00:00:00+00:00,0.0
2020-05-07 00:00:00+00:00,0.0
2020-05-08 00:00:00+00:00,0.0
2020-05-11 00:00:00+00:00,-1.3732122846277228e-05
2020-05-12 00:00:00+00:00,-0.000647396023088942
2020-05-13 00:00:00+00:00,-0.00011844138205086008
2020-05-14 00:00:00+00:00,-0.000952560884091902
2020-05-15 00:00:00+00:00,0.00014600156300126343
2020-05-18 00:00:00+00:00,0.0
2020-05-19 00:00:00+00:00,0.0005854785102807902
2020-05-20 00:00:00+00:00,-0.0008481393282699923
2020-05-21 00:00:00+00:00,-0.0004547183009451228
2020-05-22 00:00:00+00:00,-0.0003179255265317593
2020-05-25 00:00:00+00:00,0.0
2020-05-26 00:00:00+00:00,0.0
2020-05-27 00:00:00+00:00,0.0
2020-05-28 00:00:00+00:00,-0.00011895266416150907
2020-05-29 00:00:00+00:00,-0.0006161277736299597
2020-06-01 00:00:00+00:00,0.0011433507746720917
2020-06-02 00:00:00+00:00,0.0005161499745063303
2020-06-03 00:00:00+00:00,-0.0003787100969162571
2020-06-04 00:00:00+00:00,-0.0004674649682928633
2020-06-05 00:00:00+00:00,-0.00023170673946870668
2020-06-08 00:00:00+00:00,0.00041943661719434644
2020-06-09 00:00:00+00:00,0.000600570353726182
2020-06-10 00:00:00+00:00,-0.000843081854106642
2020-06-11 00:00:00+00:00,-0.0005154708295946886
2020-06-12 00:00:00+00:00,-0.001863919134953651
2020-06-15 00:00:00+00:00,0.0
2020-06-16 00:00:00+00:00,0.0
2020-06-17 00:00:00+00:00,0.0
2020-06-18 00:00:00+00:00,0.0
2020-06-19 00:00:00+00:00,-0.00029220126834828
2020-06-22 00:00:00+00:00,-0.0013889377987177376
2020-06-23 00:00:00+00:00,-0.00048509231579152434
2020-06-24 00:00:00+00:00,-0.000699514512457311
2020-06-29 00:00:00+00:00,-0.0007224626063008222
2020-06-30 00:00:00+00:00,0.0
2020-07-01 00:00:00+00:00,0.0
2020-07-02 00:00:00+00:00,0.003756598942673328
2020-07-03 00:00:00+00:00,0.005105849824431852
2020-07-06 00:00:00+00:00,0.008255222808708718
2020-07-07 00:00:00+00:00,-0.002225040558225033
2020-07-08 00:00:00+00:00,0.0023694400935998505
2020-07-09 00:00:00+00:00,0.004027236354266606
2020-07-10 00:00:00+00:00,-0.005667042407669243
2020-07-13 00:00:00+00:00,0.00252470430811913
2020-07-14 00:00:00+00:00,0.0017331166005836174
2020-07-15 00:00:00+00:00,-0.004879303049453609
2020-07-16 00:00:00+00:00,-0.004804771813442077
2020-07-17 00:00:00+00:00,0.00044299194055064106
2020-07-20 00:00:00+00:00,0.0
2020-07-21 00:00:00+00:00,-0.001149452524436878
2020-07-22 00:00:00+00:00,-0.00036348622906701156
2020-07-23 00:00:00+00:00,-0.0012103356870200033
2020-07-24 00:00:00+00:00,0.0
2020-07-27 00:00:00+00:00,0.0
2020-07-28 00:00:00+00:00,0.0
2020-07-29 00:00:00+00:00,0.0
2020-07-30 00:00:00+00:00,0.0
2020-07-31 00:00:00+00:00,0.0
2020-08-03 00:00:00+00:00,0.0
2020-08-04 00:00:00+00:00,-0.0011582819008540968
2020-08-05 00:00:00+00:00,-0.0006412318807551554
2020-08-06 00:00:00+00:00,-0.00028105713897308426
2020-08-07 00:00:00+00:00,-8.821287402505096e-05
2020-08-10 00:00:00+00:00,0.0
2020-08-11 00:00:00+00:00,0.0
2020-08-12 00:00:00+00:00,0.0
2020-08-13 00:00:00+00:00,0.0
2020-08-14 00:00:00+00:00,0.0
2020-08-17 00:00:00+00:00,0.0029508125626489523
2020-08-18 00:00:00+00:00,0.0016111361555468662
2020-08-19 00:00:00+00:00,0.00016889878844317252
2020-08-20 00:00:00+00:00,-0.002278708297668297
2020-08-21 00:00:00+00:00,-3.741542786162011e-05
2020-08-24 00:00:00+00:00,-0.0004456168897407631
2020-08-25 00:00:00+00:00,-0.001847767987924187
2020-08-26 00:00:00+00:00,-0.00014612148057979724
2020-08-27 00:00:00+00:00,0.0
2020-08-28 00:00:00+00:00,0.0
2020-08-31 00:00:00+00:00,-0.00050971013711687
2020-09-01 00:00:00+00:00,0.0005108436938456862
2020-09-02 00:00:00+00:00,-0.0006144122552772524
2020-09-03 00:00:00+00:00,0.0001676544115303269
2020-09-04 00:00:00+00:00,0.00025236582369947413
2020-09-07 00:00:00+00:00,-0.00012202030452868051
2020-09-08 00:00:00+00:00,0.0
2020-09-09 00:00:00+00:00,0.0004628859902067184
2020-09-10 00:00:00+00:00,-0.0020268562418472857
2020-09-11 00:00:00+00:00,-0.001228590524162021
2020-09-14 00:00:00+00:00,2.818085010525273e-05
2020-09-15 00:00:00+00:00,0.0
2020-09-16 00:00:00+00:00,0.0
2020-09-17 00:00:00+00:00,0.0
2020-09-18 00:00:00+00:00,0.0
2020-09-21 00:00:00+00:00,-0.00023542518130925671
2020-09-22 00:00:00+00:00,-0.0032422816070568627
2020-09-23 00:00:00+00:00,0.0006081065908913885
2020-09-24 00:00:00+00:00,0.0
2020-09-25 00:00:00+00:00,0.0
2020-09-28 00:00:00+00:00,0.0
2020-09-29 00:00:00+00:00,0.0
2020-09-30 00:00:00+00:00,0.0
2020-10-09 00:00:00+00:00,0.0
2020-10-12 00:00:00+00:00,0.0019423151852042686
2020-10-13 00:00:00+00:00,0.0007484098929515515
2020-10-14 00:00:00+00:00,-0.001505184161672779
2020-10-15 00:00:00+00:00,0.0021788428407094607
2020-10-16 00:00:00+00:00,0.003068567626171248
2020-10-19 00:00:00+00:00,-0.0032076801075183736
2020-10-20 00:00:00+00:00,-0.0005126366603221966
2020-10-21 00:00:00+00:00,-0.0013827751100201624
2020-10-22 00:00:00+00:00,-0.0006333651656257322
2020-10-23 00:00:00+00:00,-0.0002283502277503624
2020-10-26 00:00:00+00:00,0.0
2020-10-27 00:00:00+00:00,0.0
2020-10-28 00:00:00+00:00,0.0
2020-10-29 00:00:00+00:00,0.0
2020-10-30 00:00:00+00:00,0.0
2020-11-02 00:00:00+00:00,0.0
2020-11-03 00:00:00+00:00,0.0
2020-11-04 00:00:00+00:00,0.0
2020-11-05 00:00:00+00:00,6.037009782189351e-05
2020-11-06 00:00:00+00:00,0.0009443717504573623
2020-11-09 00:00:00+00:00,0.002985565422533698
2020-11-10 00:00:00+00:00,-0.0011811859275643322
2020-11-11 00:00:00+00:00,0.0025606981407904073
2020-11-12 00:00:00+00:00,-0.001037153419635839
2020-11-13 00:00:00+00:00,-0.0012962458334815352
2020-11-16 00:00:00+00:00,0.00500098241019753
2020-11-17 00:00:00+00:00,-0.0012366980398964555
2020-11-18 00:00:00+00:00,0.000385328446488975
2020-11-19 00:00:00+00:00,-0.0015280363743711556
2020-11-20 00:00:00+00:00,0.0032559317021461087
2020-11-23 00:00:00+00:00,0.007712232210135284
2020-11-24 00:00:00+00:00,0.0003651143786751465
2020-11-25 00:00:00+00:00,-0.0018591621997295915
2020-11-26 00:00:00+00:00,-0.0005566588907516268
2020-11-27 00:00:00+00:00,0.00047869162252145436
2020-11-30 00:00:00+00:00,-6.592515775172281e-06
2020-12-01 00:00:00+00:00,0.002233677115238475
2020-12-02 00:00:00+00:00,0.0023622525671771477
2020-12-03 00:00:00+00:00,-0.005581534932913912
2020-12-04 00:00:00+00:00,-0.0010178486986854862
2020-12-07 00:00:00+00:00,-0.0015271107198311373
2020-12-08 00:00:00+00:00,6.856713221137234e-05
2020-12-09 00:00:00+00:00,0.0
2020-12-10 00:00:00+00:00,-0.0008901407703458819
2020-12-11 00:00:00+00:00,0.002452255174159479
2020-12-14 00:00:00+00:00,0.0
2020-12-15 00:00:00+00:00,0.0
2020-12-16 00:00:00+00:00,0.0
2020-12-17 00:00:00+00:00,0.0
2020-12-18 00:00:00+00:00,0.0
2020-12-21 00:00:00+00:00,3.005712048009812e-05
2020-12-22 00:00:00+00:00,-0.007597233041029994
2020-12-23 00:00:00+00:00,-0.0003751019460520588
2020-12-24 00:00:00+00:00,0.00024181633745445907
2020-12-25 00:00:00+00:00,0.0039436102918430915
2020-12-28 00:00:00+00:00,0.0017190879649224833
2020-12-29 00:00:00+00:00,-0.006295889995838966
2020-12-30 00:00:00+00:00,0.0035662265502591772
2020-12-31 00:00:00+00:00,-0.0014489676566946663
2021-01-04 00:00:00+00:00,0.002795033657255752
2021-01-05 00:00:00+00:00,-0.0033461583507576886
2021-01-06 00:00:00+00:00,-0.0012898873554442192
2021-01-07 00:00:00+00:00,-0.00020363100559650515
2021-01-08 00:00:00+00:00,-0.0012189276082760214
2021-01-11 00:00:00+00:00,-0.0012822806768783002
2021-01-12 00:00:00+00:00,0.0
2021-01-13 00:00:00+00:00,0.0
2021-01-14 00:00:00+00:00,0.0
2021-01-15 00:00:00+00:00,0.0
2021-01-18 00:00:00+00:00,0.0
2021-01-19 00:00:00+00:00,0.0
2021-01-20 00:00:00+00:00,0.0
2021-01-21 00:00:00+00:00,0.0
2021-01-22 00:00:00+00:00,-0.0035224995785789748
2021-01-25 00:00:00+00:00,-0.00044121947744846235
2021-01-26 00:00:00+00:00,0.0
2021-01-27 00:00:00+00:00,-0.000235524814089616
2021-01-28 00:00:00+00:00,-0.004209535028363631
2021-01-29 00:00:00+00:00,6.118191020032526e-06
2021-02-01 00:00:00+00:00,0.0
2021-02-02 00:00:00+00:00,0.0
2021-02-03 00:00:00+00:00,0.0
2021-02-04 00:00:00+00:00,0.0
2021-02-05 00:00:00+00:00,0.0
2021-02-08 00:00:00+00:00,0.0
2021-02-09 00:00:00+00:00,0.0
2021-02-10 00:00:00+00:00,0.0
2021-02-18 00:00:00+00:00,0.0
2021-02-19 00:00:00+00:00,0.005433241227092767
2021-02-22 00:00:00+00:00,0.003503173297372042
2021-02-23 00:00:00+00:00,-0.0051038081302403615
2021-02-24 00:00:00+00:00,-0.001832695006502516
2021-02-25 00:00:00+00:00,-4.351490928578006e-05
2021-02-26 00:00:00+00:00,-0.004884090578926026
2021-03-01 00:00:00+00:00,0.003497570011858908
2021-03-02 00:00:00+00:00,0.001358362164527449
2021-03-03 00:00:00+00:00,0.0060330574836160444
2021-03-04 00:00:00+00:00,3.887835951466023e-05
2021-03-05 00:00:00+00:00,-0.003424741122847963
2021-03-08 00:00:00+00:00,-0.0005264935607833809
2021-03-09 00:00:00+00:00,-0.0017055579389207987
2021-03-10 00:00:00+00:00,0.0003725649384413998
2021-03-11 00:00:00+00:00,0.0031121968456071514
2021-03-12 00:00:00+00:00,0.0019979765607387456
2021-03-15 00:00:00+00:00,0.0019422619568421062
2021-03-16 00:00:00+00:00,-0.002663174012778935
2021-03-17 00:00:00+00:00,0.0012814313975488822
2021-03-18 00:00:00+00:00,-0.0019134194734806709
2021-03-19 00:00:00+00:00,-0.0018418430567543886
2021-03-22 00:00:00+00:00,-0.0004590404620569144
2021-03-23 00:00:00+00:00,-0.005819278123559202
2021-03-24 00:00:00+00:00,-0.0012240581881143298
2021-03-25 00:00:00+00:00,0.0
2021-03-26 00:00:00+00:00,0.0
2021-03-29 00:00:00+00:00,0.0
2021-03-30 00:00:00+00:00,-0.0008927328843022497
2021-03-31 00:00:00+00:00,-0.00043762697352223157
2021-04-01 00:00:00+00:00,0.0
2021-04-02 00:00:00+00:00,0.0
2021-04-06 00:00:00+00:00,0.0
2021-04-07 00:00:00+00:00,0.0017633599788369203
2021-04-08 00:00:00+00:00,0.0010005817582299237
2021-04-09 00:00:00+00:00,0.00226533826121611
2021-04-12 00:00:00+00:00,-0.0011180449566077222
2021-04-13 00:00:00+00:00,-0.003336545065788732
2021-04-14 00:00:00+00:00,0.0012485725164588235
2021-04-15 00:00:00+00:00,0.0011241936914314632
2021-04-16 00:00:00+00:00,0.004568251718864325
2021-04-19 00:00:00+00:00,0.0016675751937893502
2021-04-20 00:00:00+00:00,-0.0007901485649620676
2021-04-21 00:00:00+00:00,-0.00035002896719382726
2021-04-22 00:00:00+00:00,0.0015701896130706494
2021-04-23 00:00:00+00:00,-0.0021758098211747123
2021-04-26 00:00:00+00:00,0.003149841199558745
2021-04-27 00:00:00+00:00,-0.002310803661866867
2021-04-28 00:00:00+00:00,0.005082710380432065
2021-04-29 00:00:00+00:00,0.001179127812812819
2021-04-30 00:00:00+00:00,-0.005300953768313632
2021-05-06 00:00:00+00:00,0.007779233837409194
2021-05-07 00:00:00+00:00,0.007302162533316059
2021-05-10 00:00:00+00:00,0.010084353501428112
2021-05-11 00:00:00+00:00,-0.005113363999848963
2021-05-12 00:00:00+00:00,0.0019794103413508513
2021-05-13 00:00:00+00:00,-0.009097811323480753
2021-05-14 00:00:00+00:00,-0.0022461417130049677
2021-05-17 00:00:00+00:00,-8.153336254812515e-05
2021-05-18 00:00:00+00:00,0.0009435214723805263
2021-05-19 00:00:00+00:00,-0.003246009390094895
2021-05-20 00:00:00+00:00,-0.006570971864861663
2021-05-21 00:00:00+00:00,0.0
2021-05-24 00:00:00+00:00,0.0
2021-05-25 00:00:00+00:00,0.0
2021-05-26 00:00:00+00:00,0.0
2021-05-27 00:00:00+00:00,0.0
2021-05-28 00:00:00+00:00,0.0
2021-05-31 00:00:00+00:00,0.0
2021-06-01 00:00:00+00:00,0.0
2021-06-02 00:00:00+00:00,0.0010439636347268078
2021-06-03 00:00:00+00:00,0.0026351272565903194
2021-06-04 00:00:00+00:00,-0.0026479372741226026
2021-06-07 00:00:00+00:00,0.002303863771059955
2021-06-08 00:00:00+00:00,-0.0012776310776695388
2021-06-09 00:00:00+00:00,0.00720872364754932
2021-06-10 00:00:00+00:00,-0.0017308510680178468
2021-06-11 00:00:00+00:00,0.0009326739547739216
2021-06-15 00:00:00+00:00,-0.000735394340575013
2021-06-16 00:00:00+00:00,-0.001125831766207952
2021-06-17 00:00:00+00:00,0.0008152880596004053
2021-06-18 00:00:00+00:00,-0.0038300425311708075
2021-06-21 00:00:00+00:00,-0.0029630627442081003
2021-06-22 00:00:00+00:00,0.0007241639812469725
2021-06-23 00:00:00+00:00,0.0
2021-06-24 00:00:00+00:00,0.0005414849932687815
2021-06-25 00:00:00+00:00,0.0057224909200690455
2021-06-28 00:00:00+00:00,-0.009895764986764366
2021-06-29 00:00:00+00:00,-0.0012666943737155156
2021-06-30 00:00:00+00:00,0.0
2021-07-01 00:00:00+00:00,0.0
2021-07-02 00:00:00+00:00,0.0
2021-07-05 00:00:00+00:00,0.0
2021-07-06 00:00:00+00:00,0.0
2021-07-07 00:00:00+00:00,0.0
2021-07-08 00:00:00+00:00,0.0
2021-07-09 00:00:00+00:00,0.0
2021-07-12 00:00:00+00:00,0.0
2021-07-13 00:00:00+00:00,0.0
2021-07-14 00:00:00+00:00,0.0
2021-07-15 00:00:00+00:00,0.0005805817514845657
2021-07-16 00:00:00+00:00,0.003758859639772183
2021-07-19 00:00:00+00:00,-2.0211086281030077e-05
2021-07-20 00:00:00+00:00,0.0019793364405977787
2021-07-21 00:00:00+00:00,-0.0014301763551372026
2021-07-22 00:00:00+00:00,0.0016463272412361452
2021-07-23 00:00:00+00:00,0.0008547393675442105
2021-07-26 00:00:00+00:00,-0.0013720129652879942
2021-07-27 00:00:00+00:00,-0.004537555462393428
2021-07-28 00:00:00+00:00,-0.001910683100215138
2021-07-29 00:00:00+00:00,0.0025581556327729515
2021-07-30 00:00:00+00:00,0.0010751523360452708
2021-08-02 00:00:00+00:00,-0.0044919390170508056
2021-08-03 00:00:00+00:00,-0.0011776135974028712
2021-08-04 00:00:00+00:00,0.0
2021-08-05 00:00:00+00:00,0.0
2021-08-06 00:00:00+00:00,0.0064776717012040574
2021-08-09 00:00:00+00:00,0.0013125031921183972
2021-08-10 00:00:00+00:00,0.0011087441514270324
2021-08-11 00:00:00+00:00,0.009613277467549475
2021-08-12 00:00:00+00:00,0.002320149678382233
2021-08-13 00:00:00+00:00,0.0014758319877985482
2021-08-16 00:00:00+00:00,0.000557105015891457
2021-08-17 00:00:00+00:00,-0.005653655825142656
2021-08-18 00:00:00+00:00,-0.00012588293757320734
2021-08-19 00:00:00+00:00,-0.003828950189313618
2021-08-20 00:00:00+00:00,-0.001820767870394091
2021-08-23 00:00:00+00:00,0.006431719890490628
2021-08-24 00:00:00+00:00,0.002514476118661957
2021-08-25 00:00:00+00:00,0.008035292140295969
2021-08-26 00:00:00+00:00,0.006924089558854485
2021-08-27 00:00:00+00:00,6.122926265827999e-05
2021-08-30 00:00:00+00:00,0.007194984114905489
2021-08-31 00:00:00+00:00,0.010826742521012456
2021-09-01 00:00:00+00:00,-0.008342166258644146
2021-09-02 00:00:00+00:00,0.011414237795155824
2021-09-03 00:00:00+00:00,-0.006181469511708726
2021-09-06 00:00:00+00:00,0.005333419744090628
2021-09-07 00:00:00+00:00,0.011228441858603944
2021-09-08 00:00:00+00:00,0.007797560042537732
2021-09-09 00:00:00+00:00,0.01414202086020766
2021-09-10 00:00:00+00:00,-0.009941468101735462
2021-09-13 00:00:00+00:00,0.011426129874111624
2021-09-14 00:00:00+00:00,-0.0068669853108422885
2021-09-15 00:00:00+00:00,0.0018102261964048072
2021-09-16 00:00:00+00:00,0.0004927948683917105
2021-09-17 00:00:00+00:00,-0.014611698331043588
2021-09-22 00:00:00+00:00,0.013214356695550045
2021-09-23 00:00:00+00:00,-0.004292608720359525
2021-09-24 00:00:00+00:00,-0.017360197650575726
2021-09-27 00:00:00+00:00,0.002857718899803796
2021-09-28 00:00:00+00:00,0.0
2021-09-29 00:00:00+00:00,0.0
2021-09-30 00:00:00+00:00,0.0
2021-10-08 00:00:00+00:00,0.0
2021-10-11 00:00:00+00:00,0.0
2021-10-12 00:00:00+00:00,0.0
2021-10-13 00:00:00+00:00,0.0
2021-10-14 00:00:00+00:00,0.0
2021-10-15 00:00:00+00:00,0.0
2021-10-18 00:00:00+00:00,0.0
2021-10-19 00:00:00+00:00,4.4850688813102835e-05
2021-10-20 00:00:00+00:00,-0.016669565454018986
2021-10-21 00:00:00+00:00,-0.00286559224827454
2021-10-22 00:00:00+00:00,-0.010387202539903329
2021-10-25 00:00:00+00:00,0.0025047916757832134
2021-10-26 00:00:00+00:00,0.0
2021-10-27 00:00:00+00:00,0.0
2021-10-28 00:00:00+00:00,0.0
2021-10-29 00:00:00+00:00,0.0
2021-11-01 00:00:00+00:00,0.0
2021-11-02 00:00:00+00:00,0.0
2021-11-03 00:00:00+00:00,0.0
2021-11-04 00:00:00+00:00,0.0
2021-11-05 00:00:00+00:00,0.0
2021-11-08 00:00:00+00:00,0.0
2021-11-09 00:00:00+00:00,0.0
2021-11-10 00:00:00+00:00,0.0
2021-11-11 00:00:00+00:00,0.0
2021-11-12 00:00:00+00:00,0.0
2021-11-15 00:00:00+00:00,0.0
2021-11-16 00:00:00+00:00,0.0
2021-11-17 00:00:00+00:00,0.0
2021-11-18 00:00:00+00:00,0.0
2021-11-19 00:00:00+00:00,0.0
2021-11-22 00:00:00+00:00,0.0
2021-11-23 00:00:00+00:00,0.002520516869995104
2021-11-24 00:00:00+00:00,0.004264705873422203
2021-11-25 00:00:00+00:00,-0.0026429538697594346
2021-11-26 00:00:00+00:00,-0.004451290995751256
2021-11-29 00:00:00+00:00,-0.0019253237697771652
2021-11-30 00:00:00+00:00,0.0009810603541591245
2021-12-01 00:00:00+00:00,0.006289539580717207
2021-12-02 00:00:00+00:00,0.0025257601386483586
2021-12-03 00:00:00+00:00,0.007513120216397606
2021-12-06 00:00:00+00:00,-0.0020905644857911465
2021-12-07 00:00:00+00:00,0.0019645240288062027
2021-12-08 00:00:00+00:00,-0.0009737687280148011
2021-12-09 00:00:00+00:00,-0.0011847879764111946
2021-12-10 00:00:00+00:00,-0.002944751882444807
2021-12-13 00:00:00+00:00,0.003917579712656494
2021-12-14 00:00:00+00:00,-0.004387657886605001
2021-12-15 00:00:00+00:00,0.0029456799997646943
2021-12-16 00:00:00+00:00,0.01214635628028482
2021-12-17 00:00:00+00:00,-0.003807668624093097
2021-12-20 00:00:00+00:00,-0.0048829154258720475
2021-12-21 00:00:00+00:00,0.002738844177560429
2021-12-22 00:00:00+00:00,0.0006993479001959901
2021-12-23 00:00:00+00:00,0.005245534932845741
2021-12-24 00:00:00+00:00,-0.003937630871654441
2021-12-27 00:00:00+00:00,0.0011521788399211363
2021-12-28 00:00:00+00:00,-0.006612139630895908
2021-12-29 00:00:00+00:00,-0.0008156533851239045
2021-12-30 00:00:00+00:00,0.0
2021-12-31 00:00:00+00:00,0.0
2022-01-04 00:00:00+00:00,0.0
2022-01-05 00:00:00+00:00,0.0
2022-01-06 00:00:00+00:00,0.0
2022-01-07 00:00:00+00:00,0.0
2022-01-10 00:00:00+00:00,0.0
2022-01-11 00:00:00+00:00,0.0
2022-01-12 00:00:00+00:00,0.0
2022-01-13 00:00:00+00:00,0.0
2022-01-14 00:00:00+00:00,-0.004360314158585288
2022-01-17 00:00:00+00:00,0.0008176159315897991
2022-01-18 00:00:00+00:00,0.0
2022-01-19 00:00:00+00:00,-0.0007982642854453825
2022-01-20 00:00:00+00:00,-0.001080408071443495
2022-01-21 00:00:00+00:00,0.004375731723531784
2022-01-24 00:00:00+00:00,-0.0008116479915494246
2022-01-25 00:00:00+00:00,-0.009720032546937873
2022-01-26 00:00:00+00:00,-0.00010801853017206042
2022-01-27 00:00:00+00:00,0.0
2022-01-28 00:00:00+00:00,0.0
2022-02-07 00:00:00+00:00,0.0
2022-02-08 00:00:00+00:00,0.0
2022-02-09 00:00:00+00:00,0.001431444934354431
2022-02-10 00:00:00+00:00,0.004347302331077385
2022-02-11 00:00:00+00:00,0.0025135461409866444
2022-02-14 00:00:00+00:00,-0.002466518486676672
2022-02-15 00:00:00+00:00,-0.003290812997452597
2022-02-16 00:00:00+00:00,0.0022958094394462947
2022-02-17 00:00:00+00:00,0.000631144833578956
2022-02-18 00:00:00+00:00,0.007437359500472196
2022-02-21 00:00:00+00:00,0.005125454080175285
2022-02-22 00:00:00+00:00,0.0006841115394979891
2022-02-23 00:00:00+00:00,-0.0027223583515543215
2022-02-24 00:00:00+00:00,-0.003021469274712474
2022-02-25 00:00:00+00:00,-0.004926299909641996
2022-02-28 00:00:00+00:00,0.0046505463446853135
2022-03-01 00:00:00+00:00,0.005247769678561998
2022-03-02 00:00:00+00:00,0.004820250201463594
2022-03-03 00:00:00+00:00,0.005491444808347845
2022-03-04 00:00:00+00:00,0.0007240331123796739
2022-03-07 00:00:00+00:00,4.925078258333215e-06
2022-03-08 00:00:00+00:00,-0.01242577762174557
2022-03-09 00:00:00+00:00,0.001044130991240566
2022-03-10 00:00:00+00:00,0.004230921349232641
2022-03-11 00:00:00+00:00,2.3640859668550007e-05
2022-03-14 00:00:00+00:00,-0.008312839222569979
2022-03-15 00:00:00+00:00,-0.002125061549631879
2022-03-16 00:00:00+00:00,0.0
2022-03-17 00:00:00+00:00,0.0
2022-03-18 00:00:00+00:00,0.0
2022-03-21 00:00:00+00:00,0.0
2022-03-22 00:00:00+00:00,0.007024987847094044
2022-03-23 00:00:00+00:00,-0.0008815751151936002
2022-03-24 00:00:00+00:00,0.001997487005684251
2022-03-25 00:00:00+00:00,-0.0014860463425027115
2022-03-28 00:00:00+00:00,0.006115088966267779
2022-03-29 00:00:00+00:00,0.0035003167868838947
2022-03-30 00:00:00+00:00,-0.006293854630492035
2022-03-31 00:00:00+00:00,0.004550563506775074
2022-04-01 00:00:00+00:00,-0.0008972530640530829
2022-04-06 00:00:00+00:00,-0.002944048934622745
2022-04-07 00:00:00+00:00,0.0009581747315055011
2022-04-08 00:00:00+00:00,0.003217293336492677
2022-04-11 00:00:00+00:00,-0.004453567932198865
2022-04-12 00:00:00+00:00,0.0015540068691495268
2022-04-13 00:00:00+00:00,0.008999986495777712
2022-04-14 00:00:00+00:00,0.011667424097679069
2022-04-15 00:00:00+00:00,-0.005587010771062273
2022-04-18 00:00:00+00:00,-0.008659227239946166
2022-04-19 00:00:00+00:00,0.006264174327491601
2022-04-20 00:00:00+00:00,-0.013113634067746127
2022-04-21 00:00:00+00:00,0.0017127898950488607
2022-04-22 00:00:00+00:00,0.0
2022-04-25 00:00:00+00:00,0.0
2022-04-26 00:00:00+00:00,0.0
2022-04-27 00:00:00+00:00,0.0
2022-04-28 00:00:00+00:00,0.0
2022-04-29 00:00:00+00:00,0.0
2022-05-05 00:00:00+00:00,0.0
2022-05-06 00:00:00+00:00,0.0
2022-05-09 00:00:00+00:00,0.0
2022-05-10 00:00:00+00:00,0.0
2022-05-11 00:00:00+00:00,0.0
2022-05-12 00:00:00+00:00,0.0
2022-05-13 00:00:00+00:00,0.0
2022-05-16 00:00:00+00:00,0.0
2022-05-17 00:00:00+00:00,0.0023157223004623972
2022-05-18 00:00:00+00:00,-0.003482847632890196
2022-05-19 00:00:00+00:00,0.0005417090796036028
2022-05-20 00:00:00+00:00,0.009880646226056777
2022-05-23 00:00:00+00:00,0.002182571704696157
2022-05-24 00:00:00+00:00,-0.0017231252621067172
2022-05-25 00:00:00+00:00,0.0046779870923918665
2022-05-26 00:00:00+00:00,0.00741128288453452
2022-05-27 00:00:00+00:00,0.0028672760802601616
2022-05-30 00:00:00+00:00,-0.0022132445249301025
2022-05-31 00:00:00+00:00,-0.0017398741501157833
2022-06-01 00:00:00+00:00,0.00425669176368304
2022-06-02 00:00:00+00:00,-0.007703783988684321
2022-06-06 00:00:00+00:00,0.007818802950432913
2022-06-07 00:00:00+00:00,-3.381752963882434e-05
2022-06-08 00:00:00+00:00,0.012436506050206075
2022-06-09 00:00:00+00:00,0.0005182447795146761
2022-06-10 00:00:00+00:00,0.0043030566367558976
2022-06-13 00:00:00+00:00,-0.0028100232480747778
2022-06-14 00:00:00+00:00,0.006231727599910419
2022-06-15 00:00:00+00:00,-0.00693189420223983
2022-06-16 00:00:00+00:00,-0.010112983713783885
2022-06-17 00:00:00+00:00,-0.0022947063352306563
2022-06-20 00:00:00+00:00,0.0
2022-06-21 00:00:00+00:00,0.0
2022-06-22 00:00:00+00:00,0.0
2022-06-23 00:00:00+00:00,0.0
2022-06-24 00:00:00+00:00,0.0
2022-06-27 00:00:00+00:00,0.0
2022-06-28 00:00:00+00:00,0.0
2022-06-29 00:00:00+00:00,-0.0025146555092344647
2022-06-30 00:00:00+00:00,-0.0015429707716184682
2022-07-01 00:00:00+00:00,0.0
2022-07-04 00:00:00+00:00,-0.000570302718936766
2022-07-05 00:00:00+00:00,0.009450926922404346
2022-07-06 00:00:00+00:00,-0.015098561710350289
2022-07-07 00:00:00+00:00,-0.0007841053538392151
2022-07-08 00:00:00+00:00,0.0
2022-07-11 00:00:00+00:00,0.0
2022-07-12 00:00:00+00:00,0.0
2022-07-13 00:00:00+00:00,0.0
2022-07-14 00:00:00+00:00,0.0
2022-07-15 00:00:00+00:00,0.0
2022-07-18 00:00:00+00:00,0.0
2022-07-19 00:00:00+00:00,0.0
2022-07-20 00:00:00+00:00,0.0
2022-07-21 00:00:00+00:00,0.0
2022-07-22 00:00:00+00:00,0.0
2022-07-25 00:00:00+00:00,0.0
2022-07-26 00:00:00+00:00,0.0
2022-07-27 00:00:00+00:00,0.0
2022-07-28 00:00:00+00:00,0.0
2022-07-29 00:00:00+00:00,-0.005965050180890552
2022-08-01 00:00:00+00:00,-1.8253883172891783e-05
2022-08-02 00:00:00+00:00,-0.003584654423202549
2022-08-03 00:00:00+00:00,0.0005238667805946839
2022-08-04 00:00:00+00:00,0.0
2022-08-05 00:00:00+00:00,0.0
2022-08-08 00:00:00+00:00,0.0
2022-08-09 00:00:00+00:00,0.0
2022-08-10 00:00:00+00:00,-0.002043405047474023
2022-08-11 00:00:00+00:00,0.0016144621694220707
2022-08-12 00:00:00+00:00,0.005767790613245172
2022-08-15 00:00:00+00:00,0.004350202509991741
2022-08-16 00:00:00+00:00,0.0005016953190388751
2022-08-17 00:00:00+00:00,-0.0004226335771815304
2022-08-18 00:00:00+00:00,-0.0031220851756627033
2022-08-19 00:00:00+00:00,0.004563845879727246
2022-08-22 00:00:00+00:00,0.005941147609203501
2022-08-23 00:00:00+00:00,0.0057761121608006505
2022-08-24 00:00:00+00:00,-0.0019286949219379235
2022-08-25 00:00:00+00:00,0.012937639406166435
2022-08-26 00:00:00+00:00,-0.005987157713645663
2022-08-29 00:00:00+00:00,0.005292138362485543
2022-08-30 00:00:00+00:00,-0.013117119066591743
2022-08-31 00:00:00+00:00,-0.006214096267993741
2022-09-01 00:00:00+00:00,0.00022239563236592375
2022-09-02 00:00:00+00:00,-0.0018179450363552396
2022-09-05 00:00:00+00:00,0.0030903276376579303
2022-09-06 00:00:00+00:00,0.004865205931739114
2022-09-07 00:00:00+00:00,-0.0006844447166695078
2022-09-08 00:00:00+00:00,-0.003538002626162662
2022-09-09 00:00:00+00:00,0.0020205354390590013
2022-09-13 00:00:00+00:00,-0.003702570904334457
2022-09-14 00:00:00+00:00,-0.003193550688010527
2022-09-15 00:00:00+00:00,0.0036098509888657926
2022-09-16 00:00:00+00:00,0.0
2022-09-19 00:00:00+00:00,0.0
2022-09-20 00:00:00+00:00,0.0
2022-09-21 00:00:00+00:00,0.0
2022-09-22 00:00:00+00:00,0.0
2022-09-23 00:00:00+00:00,-0.004647029836395977
2022-09-26 00:00:00+00:00,-0.0034220451882244207
2022-09-27 00:00:00+00:00,0.0
2022-09-28 00:00:00+00:00,0.0
2022-09-29 00:00:00+00:00,0.0
2022-09-30 00:00:00+00:00,0.0
2022-10-10 00:00:00+00:00,0.0
2022-10-11 00:00:00+00:00,-0.0006017452506975607
2022-10-12 00:00:00+00:00,-0.0021584375967609315
2022-10-13 00:00:00+00:00,-0.00919986449907284
2022-10-14 00:00:00+00:00,0.0017600303246776416
2022-10-17 00:00:00+00:00,0.0
2022-10-18 00:00:00+00:00,0.0
2022-10-19 00:00:00+00:00,0.0
2022-10-20 00:00:00+00:00,0.0
2022-10-21 00:00:00+00:00,0.0
2022-10-24 00:00:00+00:00,0.0
2022-10-25 00:00:00+00:00,0.0
2022-10-26 00:00:00+00:00,0.0
2022-10-27 00:00:00+00:00,0.0
2022-10-28 00:00:00+00:00,0.0
2022-10-31 00:00:00+00:00,0.0
2022-11-01 00:00:00+00:00,0.0
2022-11-02 00:00:00+00:00,0.0
2022-11-03 00:00:00+00:00,0.0
2022-11-04 00:00:00+00:00,0.0
2022-11-07 00:00:00+00:00,0.0
2022-11-08 00:00:00+00:00,-0.0020825714680139384
2022-11-09 00:00:00+00:00,-0.0033966585484723755
2022-11-10 00:00:00+00:00,-0.00027820481251505935
2022-11-11 00:00:00+00:00,0.004995686964471169
2022-11-14 00:00:00+00:00,-0.0057562442002193626
2022-11-15 00:00:00+00:00,0.00185401118807893
2022-11-16 00:00:00+00:00,0.0013150744940071402
2022-11-17 00:00:00+00:00,-0.008230698732331176
2022-11-18 00:00:00+00:00,-0.0006045369752158969
2022-11-21 00:00:00+00:00,0.0
2022-11-22 00:00:00+00:00,0.0
2022-11-23 00:00:00+00:00,0.0
2022-11-24 00:00:00+00:00,0.0
2022-11-25 00:00:00+00:00,0.0
2022-11-28 00:00:00+00:00,0.0010564523914233792
2022-11-29 00:00:00+00:00,0.004120006305597723
2022-11-30 00:00:00+00:00,0.0024630390609867714
2022-12-01 00:00:00+00:00,-0.002434155327172949
2022-12-02 00:00:00+00:00,-0.0023185601522135446
2022-12-05 00:00:00+00:00,0.003650041395117709
2022-12-06 00:00:00+00:00,-0.0004416783323197837
2022-12-07 00:00:00+00:00,-0.004598969434904121
2022-12-08 00:00:00+00:00,-0.0006682579664275545
2022-12-09 00:00:00+00:00,0.0003810947288549471
2022-12-12 00:00:00+00:00,-0.005304592561078514
2022-12-13 00:00:00+00:00,0.00018191518542698404
2022-12-14 00:00:00+00:00,0.0
2022-12-15 00:00:00+00:00,0.0
2022-12-16 00:00:00+00:00,0.0
2022-12-19 00:00:00+00:00,0.0
2022-12-20 00:00:00+00:00,0.0
2022-12-21 00:00:00+00:00,0.0
2022-12-22 00:00:00+00:00,0.0
2022-12-23 00:00:00+00:00,0.0
2022-12-26 00:00:00+00:00,0.0
2022-12-27 00:00:00+00:00,0.0
2022-12-28 00:00:00+00:00,0.0
2022-12-29 00:00:00+00:00,0.0
2022-12-30 00:00:00+00:00,0.0
2023-01-03 00:00:00+00:00,0.0
2023-01-04 00:00:00+00:00,0.0
2023-01-05 00:00:00+00:00,0.0
2023-01-06 00:00:00+00:00,0.0
2023-01-09 00:00:00+00:00,0.0
2023-01-10 00:00:00+00:00,0.0
2023-01-11 00:00:00+00:00,0.0
2023-01-12 00:00:00+00:00,0.0008593409334010094
2023-01-13 00:00:00+00:00,-0.00029587821252585744
2023-01-16 00:00:00+00:00,-0.0002504954183664143
2023-01-17 00:00:00+00:00,-0.0012918822663338103
2023-01-18 00:00:00+00:00,0.0014925743339937458
2023-01-19 00:00:00+00:00,0.002217106223551868
2023-01-20 00:00:00+00:00,0.0042439140090111405
2023-01-30 00:00:00+00:00,-0.0036396971886969443
2023-01-31 00:00:00+00:00,0.0015282649762058398
2023-02-01 00:00:00+00:00,0.0002511494648391732
2023-02-02 00:00:00+00:00,0.0017633452224425916
2023-02-03 00:00:00+00:00,-0.0025243405910295724
2023-02-06 00:00:00+00:00,-0.0009815158199657503
2023-02-07 00:00:00+00:00,0.0007945680612353456
2023-02-08 00:00:00+00:00,-0.0017364918069185942
2023-02-09 00:00:00+00:00,-0.0004612141621528343
2023-02-10 00:00:00+00:00,-0.0026689610744523584
2023-02-13 00:00:00+00:00,-0.0002089502701470014
