date,code,open,high,low,close,preclose,volume,amount,turn,pctChg,tradestatus,isST
2020-12-23,sh.688678,30.0300,32.8800,28.8200,28.8700,18.0500,24697901,747055729.9500,69.985500,59.944600,1,0
2020-12-24,sh.688678,29.3800,29.8500,25.9000,26.0200,28.8700,15742808,425557953.3500,44.609800,-9.871800,1,0
2020-12-25,sh.688678,25.2500,27.5000,25.1200,25.6500,26.0200,8817998,232036957.8700,24.987200,-1.422000,1,0
2020-12-28,sh.688678,25.7200,25.7800,22.9000,22.9000,25.6500,9058685,217837045.9100,25.669300,-10.721200,1,0
2020-12-29,sh.688678,22.5000,23.8600,22.1000,22.4600,22.9000,5032594,115410144.6100,14.260700,-1.921400,1,0
2020-12-30,sh.688678,21.9600,22.8900,21.9500,22.2400,22.4600,4212365,94309569.8300,11.936400,-0.979500,1,0
2020-12-31,sh.688678,22.6000,22.7200,21.7700,21.8000,22.2400,4301867,95511607.0700,12.190000,-1.978400,1,0
2021-01-04,sh.688678,21.8800,22.7700,21.7100,22.3400,21.8000,4016818,89780823.0900,11.382300,2.477100,1,0
2021-01-05,sh.688678,22.2000,24.1800,22.0800,23.6300,22.3400,6893310,161878606.8600,19.533300,5.774400,1,0
2021-01-06,sh.688678,23.2500,23.7000,22.6500,22.7500,23.6300,4088827,93708595.6500,11.586400,-3.724100,1,0
2021-01-07,sh.688678,22.8000,22.8000,20.4500,20.4900,22.7500,5551487,119178533.4700,15.731000,-9.934100,1,0
2021-01-08,sh.688678,20.5400,20.9700,19.7800,20.5600,20.4900,2707101,55374509.1300,7.671000,0.341600,1,0
2021-01-11,sh.688678,20.6200,20.8900,19.2000,19.2900,20.5600,3331542,66126798.2300,9.440500,-6.177000,1,0
2021-01-12,sh.688678,19.3500,19.8300,19.1800,19.3400,19.2900,2513755,48813704.4700,7.123100,0.259200,1,0
2021-01-13,sh.688678,19.3000,21.2100,19.0500,20.5800,19.3400,5242216,105776814.7100,14.854700,6.411600,1,0
2021-01-14,sh.688678,20.2200,21.2600,19.9900,20.6200,20.5800,3566834,73782105.7400,10.107200,0.194400,1,0
2021-01-15,sh.688678,20.5800,21.6800,20.2700,21.1700,20.6200,2975420,62937805.2200,8.431300,2.667300,1,0
2021-01-18,sh.688678,21.1800,21.4600,20.5000,20.6900,21.1700,2485154,51894354.0700,7.042100,-2.267400,1,0
2021-01-19,sh.688678,20.5100,21.0200,20.1100,20.4500,20.6900,2286212,46985081.9200,6.478400,-1.160000,1,0
2021-01-20,sh.688678,20.4500,20.8000,20.1500,20.4700,20.4500,1438710,29491831.2800,4.076800,0.097800,1,0
2021-01-21,sh.688678,20.2100,20.5500,19.9800,20.3000,20.4700,1820531,36877023.7900,5.158800,-0.830500,1,0
2021-01-22,sh.688678,20.3000,20.3900,19.3800,19.4200,20.3000,2530980,50125168.3200,7.171900,-4.335000,1,0
2021-01-25,sh.688678,19.3900,19.6200,18.4800,18.6500,19.4200,3558205,67335928.6500,10.082800,-3.965000,1,0
2021-01-26,sh.688678,18.6500,19.0700,18.5200,18.6900,18.6500,1971905,37100767.2900,5.587700,0.214500,1,0
2021-01-27,sh.688678,18.7000,19.4700,18.4100,18.7800,18.6900,2709991,51338546.3900,7.679200,0.481500,1,0
2021-01-28,sh.688678,18.7400,19.0200,18.3000,18.4800,18.7800,2129851,39938043.3100,6.035300,-1.597400,1,0
2021-01-29,sh.688678,18.4200,18.5400,17.6800,17.9500,18.4800,2498374,45123049.7100,7.079600,-2.868000,1,0
2021-02-01,sh.688678,17.9800,19.0900,17.9800,18.8700,17.9500,2662440,49650333.4900,7.544500,5.125300,1,0
2021-02-02,sh.688678,18.7900,19.2000,18.5000,18.6400,18.8700,1912237,36007608.0900,5.418600,-1.218900,1,0
2021-02-03,sh.688678,18.5200,18.7000,18.0500,18.0900,18.6400,1736370,31691961.2200,4.920300,-2.950600,1,0
2021-02-04,sh.688678,18.0700,18.6200,17.8000,18.1500,18.0900,1867416,33889777.1100,5.291600,0.331700,1,0
2021-02-05,sh.688678,18.1500,18.3600,17.6700,17.7100,18.1500,1651309,29701784.7500,4.679300,-2.424200,1,0
2021-02-08,sh.688678,17.7600,17.8600,17.4100,17.4500,17.7100,1319362,23232941.8600,3.738600,-1.468100,1,0
2021-02-09,sh.688678,17.5500,17.6200,17.2500,17.4500,17.4500,1691236,29429332.2300,4.792400,0.000000,1,0
2021-02-10,sh.688678,17.5100,17.5500,17.2700,17.4000,17.4500,1151173,20029264.7300,3.262000,-0.286500,1,0
2021-02-18,sh.688678,17.6000,18.0800,17.6000,17.7800,17.4000,1562387,27875920.0100,4.427300,2.183900,1,0
2021-02-19,sh.688678,17.8100,18.4700,17.7000,18.3800,17.7800,1752868,31900482.7600,4.967000,3.374600,1,0
2021-02-22,sh.688678,18.3500,18.8000,18.3000,18.4500,18.3800,1898511,35314735.3000,5.379700,0.380800,1,0
2021-02-23,sh.688678,18.3500,18.5900,18.2500,18.2700,18.4500,981957,18053613.8500,2.782500,-0.975600,1,0
2021-02-24,sh.688678,18.1300,18.7300,18.1300,18.5300,18.2700,1332246,24681810.9800,3.775100,1.423100,1,0
2021-02-25,sh.688678,18.5900,18.7100,18.2100,18.2600,18.5300,921331,16960596.9200,2.610700,-1.457100,1,0
2021-02-26,sh.688678,18.1500,18.3700,17.9700,18.2000,18.2600,951595,17303423.6200,2.696500,-0.328600,1,0
2021-03-01,sh.688678,18.2100,18.7800,18.2000,18.6800,18.2000,1477675,27373492.6400,4.187200,2.637400,1,0
2021-03-02,sh.688678,18.7000,18.8300,18.5100,18.8100,18.6800,1339070,25020589.4100,3.794500,0.695900,1,0
2021-03-03,sh.688678,18.8600,21.6000,18.8100,21.3800,18.8100,7190757,148582966.6800,20.376200,13.662900,1,0
2021-03-04,sh.688678,21.0000,22.2200,20.6000,21.5800,21.3800,6232734,133928992.4500,17.661500,0.935500,1,0
2021-03-05,sh.688678,21.2000,22.2900,20.9000,22.2200,21.5800,4578161,99414345.4900,12.973000,2.965700,1,0
2021-03-08,sh.688678,22.6000,22.9900,21.2200,21.3600,22.2200,3559938,78138460.2600,10.087700,-3.870400,1,0
2021-03-09,sh.688678,21.3500,21.3500,19.1800,20.0500,21.3600,3983415,80285565.2000,11.287700,-6.133000,1,0
2021-03-10,sh.688678,19.9600,20.4000,19.4100,20.1700,20.0500,1990961,39743637.3800,5.641700,0.598500,1,0
2021-03-11,sh.688678,20.0100,20.2800,19.8100,20.1600,20.1700,1615370,32438581.5700,4.577400,-0.049600,1,0
2021-03-12,sh.688678,19.9800,20.2800,19.5000,19.5800,20.1600,1372984,27234023.1000,3.890600,-2.877000,1,0
2021-03-15,sh.688678,19.5800,19.6700,19.3000,19.5400,19.5800,987732,19239091.8800,2.798900,-0.204300,1,0
2021-03-16,sh.688678,19.6800,20.3600,19.6800,19.9000,19.5400,1523001,30456016.8200,4.315700,1.842400,1,0
2021-03-17,sh.688678,19.7200,19.8900,19.3000,19.7000,19.9000,1157603,22748247.0300,3.280300,-1.005000,1,0
2021-03-18,sh.688678,19.7000,20.4600,19.5000,20.2400,19.7000,1638151,32944948.2000,4.642000,2.741100,1,0
2021-03-19,sh.688678,20.4100,20.9100,20.1000,20.2800,20.2400,2334554,47991843.8700,6.615300,0.197600,1,0
2021-03-22,sh.688678,20.0200,20.8900,20.0200,20.6100,20.2800,1621065,33102112.1500,4.593600,1.627200,1,0
2021-03-23,sh.688678,20.6000,20.7600,19.6200,19.7000,20.6100,1584235,31848017.5300,4.489200,-4.415300,1,0
2021-03-24,sh.688678,19.6000,19.9100,18.9400,18.9900,19.7000,1441841,27885440.4700,4.085700,-3.604100,1,0
2021-03-25,sh.688678,19.0100,19.1900,18.8600,18.8700,18.9900,809591,15374149.3500,2.294100,-0.631900,1,0
2021-03-26,sh.688678,19.0000,19.2700,18.8300,19.1000,18.8700,808746,15426819.2700,2.291700,1.218900,1,0
2021-03-29,sh.688678,19.1200,19.2300,18.5500,18.6500,19.1000,1268504,23892207.8100,3.594500,-2.356000,1,0
2021-03-30,sh.688678,18.6500,18.7900,18.2300,18.2700,18.6500,951409,17550454.1600,2.696000,-2.037500,1,0
2021-03-31,sh.688678,18.4500,18.7400,18.1500,18.5500,18.2700,812558,15018246.8900,2.302500,1.532600,1,0
2021-04-01,sh.688678,18.5300,18.7300,18.4000,18.5300,18.5500,842931,15597818.7100,2.388600,-0.107800,1,0
2021-04-02,sh.688678,18.7200,19.1100,18.6500,19.0700,18.5300,1218748,23059470.1500,3.453500,2.914200,1,0
2021-04-06,sh.688678,19.0600,19.0600,18.8600,18.9800,19.0700,867789,16445764.2200,2.459000,-0.471900,1,0
2021-04-07,sh.688678,18.9800,19.2600,18.9100,19.1800,18.9800,1060524,20240933.0300,3.005200,1.053700,1,0
2021-04-08,sh.688678,19.3800,20.5800,19.3000,19.6100,19.1800,2475748,49429192.1500,7.015400,2.241900,1,0
2021-04-09,sh.688678,19.3800,19.8500,19.3800,19.5400,19.6100,950659,18627686.9100,2.693800,-0.357000,1,0
2021-04-12,sh.688678,19.3500,19.7300,18.8800,18.9900,19.5400,912640,17561976.5200,2.586100,-2.814700,1,0
2021-04-13,sh.688678,18.9900,18.9900,18.5000,18.6100,18.9900,742724,13882190.2300,2.104600,-2.001100,1,0
2021-04-14,sh.688678,18.4200,18.9400,18.4200,18.9100,18.6100,547948,10278947.9000,1.552700,1.612000,1,0
2021-04-15,sh.688678,18.9400,19.3900,18.7700,19.0800,18.9100,621202,11828902.5700,1.760300,0.899000,1,0
2021-04-16,sh.688678,19.0800,19.5200,18.8500,19.4400,19.0800,1238617,23882314.3000,3.509800,1.886800,1,0
2021-04-19,sh.688678,19.4800,20.7700,19.3300,20.4200,19.4400,3263776,66101000.6800,9.248400,5.041200,1,0
2021-04-20,sh.688678,20.4200,20.5900,19.9000,19.9300,20.4200,2189882,44316671.5700,6.205400,-2.399600,1,0
2021-04-21,sh.688678,20.0000,20.4400,19.8500,20.2800,19.9300,1416352,28633305.7000,4.013500,1.756100,1,0
2021-04-22,sh.688678,20.4300,20.4400,20.1100,20.2800,20.2800,1195730,24217253.8100,3.388300,0.000000,1,0
2021-04-23,sh.688678,20.2800,20.5800,19.8500,20.2800,20.2800,1316503,26709949.8400,3.730500,0.000000,1,0
2021-04-26,sh.688678,20.5000,20.5000,20.0700,20.2000,20.2800,905301,18324451.3200,2.565300,-0.394500,1,0
2021-04-27,sh.688678,20.1800,20.3700,19.3100,19.5000,20.2000,1047466,20615607.9600,2.968200,-3.465300,1,0
2021-04-28,sh.688678,19.5100,19.7200,19.1800,19.2000,19.5000,833125,16140867.0900,2.360800,-1.538500,1,0
2021-04-29,sh.688678,19.2200,20.1800,19.0000,19.7100,19.2000,1592751,31430451.0000,4.513300,2.656300,1,0
2021-04-30,sh.688678,19.7100,19.7900,18.7500,19.5800,19.7100,1698262,32795347.0900,4.812300,-0.659600,1,0
2021-05-06,sh.688678,19.3000,20.2800,19.3000,20.1300,19.5800,1395394,27964469.4500,3.954100,2.809000,1,0
2021-05-07,sh.688678,20.1000,20.2400,19.9100,20.2000,20.1300,838846,16876119.6600,2.377000,0.347700,1,0
2021-05-10,sh.688678,20.2600,20.4000,19.8100,20.0000,20.2000,787757,15766166.3600,2.232200,-0.990100,1,0
2021-05-11,sh.688678,19.5900,20.9700,19.5800,20.7400,20.0000,1878154,38662776.7000,5.322100,3.700000,1,0
2021-05-12,sh.688678,20.5800,21.1700,20.3700,20.7100,20.7400,1237017,25656537.3300,3.505300,-0.144600,1,0
2021-05-13,sh.688678,20.4500,20.6300,19.8900,20.0000,20.7100,1522489,30697749.4600,4.314200,-3.428300,1,0
2021-05-14,sh.688678,20.0000,20.8100,19.8000,20.6900,20.0000,1428051,29353673.6700,4.046600,3.450000,1,0
2021-05-17,sh.688678,20.8500,20.9600,20.2000,20.4900,20.6900,1282424,26147378.9500,3.634000,-0.966700,1,0
2021-05-18,sh.688678,20.3900,20.5900,20.1500,20.4700,20.4900,649601,13210764.4100,1.840800,-0.097600,1,0
2021-05-19,sh.688678,20.6800,20.6800,20.1600,20.2800,20.4700,684675,13911121.0900,1.940100,-0.928200,1,0
2021-05-20,sh.688678,20.2200,20.2200,19.7500,19.8900,20.2800,884745,17630405.2700,2.507100,-1.923100,1,0
2021-05-21,sh.688678,19.7500,20.1600,19.7500,20.0800,19.8900,439315,8796266.7900,1.244900,0.955300,1,0
2021-05-24,sh.688678,20.2000,20.3500,19.9300,20.1500,20.0800,663151,13366669.4100,1.879100,0.348600,1,0
2021-05-25,sh.688678,19.9800,20.2000,19.8800,20.1200,20.1500,820614,16467275.7900,2.325300,-0.148900,1,0
2021-05-26,sh.688678,20.1500,20.9100,20.1200,20.5800,20.1200,1558898,32155399.4400,4.417400,2.286300,1,0
2021-05-27,sh.688678,20.0700,20.7500,20.0700,20.5500,20.2800,1325411,27068817.7500,3.755800,1.331400,1,0
2021-05-28,sh.688678,20.5900,20.6900,19.7000,20.0400,20.5500,1307968,26242758.5100,3.706300,-2.481800,1,0
2021-05-31,sh.688678,19.7700,20.2500,19.7700,20.1700,20.0400,1063057,21295610.4600,3.012300,0.648700,1,0
2021-06-01,sh.688678,20.2900,21.4700,20.1200,21.0600,20.1700,3943949,82275864.2000,11.175800,4.412500,1,0
2021-06-02,sh.688678,21.0800,22.4800,20.6900,21.8000,21.0600,4981958,107934511.4200,14.117200,3.513800,1,0
2021-06-03,sh.688678,21.8500,23.1600,21.4500,22.7100,21.8000,5119340,114242669.5100,14.506500,4.174300,1,0
2021-06-04,sh.688678,22.8500,23.0100,21.6000,21.6500,22.7100,3970949,87847214.6900,11.252300,-4.667500,1,0
2021-06-07,sh.688678,21.6000,22.0400,21.0500,21.2400,21.6500,2524678,53770529.0800,7.154100,-1.893800,1,0
2021-06-08,sh.688678,21.2100,21.2100,20.3200,20.5200,21.2400,2773185,57374322.1500,7.858300,-3.389800,1,0
2021-06-09,sh.688678,20.5200,20.9100,20.2100,20.7700,20.5200,2253781,46337933.6900,6.386500,1.218300,1,0
2021-06-10,sh.688678,20.8000,22.1500,20.5000,21.8900,20.7700,4262333,92266665.4100,12.078000,5.392400,1,0
2021-06-11,sh.688678,21.9800,22.1200,21.4500,21.7100,21.8900,1628527,35390590.4600,4.614700,-0.822300,1,0
2021-06-15,sh.688678,21.5700,22.3800,21.2100,21.7500,21.7100,2048326,44835295.7900,5.804300,0.184200,1,0
2021-06-16,sh.688678,21.7500,22.1600,20.5200,21.2700,21.7500,1692558,36307401.4800,4.796100,-2.206900,1,0
2021-06-17,sh.688678,21.2700,21.4900,20.9000,21.3200,21.2700,1393629,29534823.7300,3.949100,0.235100,1,0
2021-06-18,sh.688678,21.5000,21.5000,20.1100,21.1500,21.3200,2247952,46575988.4400,6.369900,-0.797400,1,0
2021-06-21,sh.688678,20.8800,21.0600,20.6800,20.9500,21.1500,1061851,22170818.0900,3.008900,-0.945600,1,0
2021-06-22,sh.688678,20.9600,21.4800,20.6600,21.3900,20.9500,1595806,33736769.1500,4.522000,2.100200,1,0
2021-06-23,sh.688678,21.1000,21.9600,20.8000,21.5700,21.3900,2224484,47320034.4900,6.037000,0.841500,1,0
2021-06-24,sh.688678,21.5100,22.1700,21.3300,22.0000,21.5700,2489372,54415613.4700,6.755900,1.993500,1,0
2021-06-25,sh.688678,22.4000,23.5000,22.2300,22.4000,22.0000,4164066,94894799.2000,11.300800,1.818200,1,0
2021-06-28,sh.688678,23.9900,25.1800,22.5000,24.3700,22.4000,6117988,148591239.8900,16.603500,8.794600,1,0
2021-06-29,sh.688678,24.3000,24.3000,23.1200,23.1600,24.3700,3165990,74554551.1800,8.592100,-4.965100,1,0
2021-06-30,sh.688678,23.3900,23.8900,22.8500,23.7000,23.1600,2476159,58442029.9400,6.720000,2.331600,1,0
2021-07-01,sh.688678,23.7000,25.1200,23.2300,23.2300,23.7000,3627430,87726422.3000,9.844400,-1.983100,1,0
2021-07-02,sh.688678,23.3000,23.6400,22.7500,22.9300,23.2300,1881366,43346636.9000,5.105800,-1.291400,1,0
2021-07-05,sh.688678,22.7100,24.2800,22.5500,24.1300,22.9300,2350674,55835732.6700,6.379500,5.233300,1,0
2021-07-06,sh.688678,24.3200,24.3900,23.3500,24.0400,24.1300,1481077,35205118.1100,4.019500,-0.373000,1,0
2021-07-07,sh.688678,24.0100,24.2500,23.7300,23.8900,24.0400,2120934,50910121.5500,5.756000,-0.624000,1,0
2021-07-08,sh.688678,23.9300,24.2900,23.4500,24.1300,23.8900,2468762,59019323.4600,6.699900,1.004600,1,0
2021-07-09,sh.688678,24.0500,24.1800,22.7000,23.2600,24.1300,2145377,49889501.6100,5.822300,-3.605500,1,0
2021-07-12,sh.688678,23.4500,23.4900,22.9800,23.1000,23.2600,1772723,41037329.9600,4.811000,-0.687900,1,0
2021-07-13,sh.688678,23.1000,23.4000,22.9000,23.0200,23.1000,1426564,32958920.7600,3.871500,-0.346300,1,0
2021-07-14,sh.688678,23.0000,23.1000,22.3900,22.9600,23.0200,2370683,53923307.1600,6.433800,-0.260600,1,0
2021-07-15,sh.688678,22.8800,23.0100,21.8300,22.0000,22.9600,2231494,49710965.4500,6.056000,-4.181200,1,0
2021-07-16,sh.688678,22.0000,22.1900,21.6100,22.0300,22.0000,1152641,25308011.6500,3.128100,0.136400,1,0
2021-07-19,sh.688678,22.0800,22.1200,21.5000,21.8500,22.0300,935001,20373774.0400,2.537500,-0.817100,1,0
2021-07-20,sh.688678,21.6500,22.3800,21.3400,22.3800,21.8500,2213584,48383545.2600,6.007400,2.425600,1,0
2021-07-21,sh.688678,22.5600,22.8000,22.2400,22.5000,22.3800,1779631,40158489.2700,4.829700,0.536200,1,0
2021-07-22,sh.688678,22.3600,22.7000,21.9800,22.1000,22.5000,1608597,35807774.7100,4.365600,-1.777800,1,0
2021-07-23,sh.688678,22.3500,22.3500,21.2700,21.5700,22.1000,1907044,41274335.2700,5.175500,-2.398200,1,0
2021-07-26,sh.688678,21.6700,22.0800,21.3500,21.7100,21.5700,1538731,33428353.3700,4.175900,0.649000,1,0
2021-07-27,sh.688678,21.8500,21.9900,20.8300,20.8300,21.7100,1977813,42180024.7700,5.367600,-4.053400,1,0
2021-07-28,sh.688678,20.8000,21.0000,19.8300,20.0200,20.8300,1571940,31781988.2600,4.266100,-3.888600,1,0
2021-07-29,sh.688678,20.3800,20.7000,19.9300,20.4900,20.0200,1896634,38500379.3000,5.147300,2.347700,1,0
2021-07-30,sh.688678,20.4000,21.1200,20.1500,20.9200,20.4900,1633232,33917575.1000,4.432400,2.098600,1,0
2021-08-02,sh.688678,21.0700,21.7800,20.5000,21.7200,20.9200,1666636,35719391.7100,4.523100,3.824100,1,0
2021-08-03,sh.688678,21.8000,22.2900,21.5400,21.7300,21.7200,1366566,29986366.0500,3.708700,0.046000,1,0
2021-08-04,sh.688678,21.9400,22.3000,21.7300,22.2400,21.7300,1219172,26926804.5300,3.308700,2.347000,1,0
2021-08-05,sh.688678,22.2500,22.3100,21.6800,21.8300,22.2400,1134750,24790012.7900,3.079600,-1.843500,1,0
2021-08-06,sh.688678,21.7900,22.6800,21.5200,22.5700,21.8300,1887097,41840876.4900,5.121400,3.389800,1,0
2021-08-09,sh.688678,22.5500,22.8800,22.2900,22.4000,22.5700,1180366,26507602.2000,3.203400,-0.753200,1,0
2021-08-10,sh.688678,22.5200,23.0400,22.3200,22.8800,22.4000,1598833,36333766.6000,4.339100,2.142900,1,0
2021-08-11,sh.688678,22.8800,22.9500,22.3600,22.8200,22.8800,1152697,26130557.5200,3.128300,-0.262200,1,0
2021-08-12,sh.688678,22.7200,23.3100,22.5600,22.8800,22.8200,1291914,29786444.1000,3.506100,0.262900,1,0
2021-08-13,sh.688678,23.0600,23.0600,22.6200,22.7300,22.8800,806480,18368784.9900,2.188700,-0.655600,1,0
2021-08-16,sh.688678,22.8000,23.1700,22.5100,22.9600,22.7300,1209513,27734934.3100,3.282500,1.011900,1,0
2021-08-17,sh.688678,23.0500,23.2000,22.2000,22.3800,22.9600,1054882,23856579.4200,2.862800,-2.526100,1,0
2021-08-18,sh.688678,22.3000,22.8900,22.1300,22.4100,22.3800,990871,22276524.2400,2.689100,0.134000,1,0
2021-08-19,sh.688678,22.4300,22.5900,22.1700,22.3000,22.4100,895330,20015476.0800,2.429800,-0.490900,1,0
2021-08-20,sh.688678,22.2000,22.3000,21.3000,21.6200,22.3000,1177512,25647389.5400,3.195600,-3.049300,1,0
2021-08-23,sh.688678,21.9900,23.5200,21.3100,23.2300,21.6200,3122251,72002480.0200,8.473400,7.446800,1,0
2021-08-24,sh.688678,23.4500,23.4500,22.9300,23.0700,23.2300,1100109,25463667.6500,2.985600,-0.688800,1,0
2021-08-25,sh.688678,23.0700,23.3500,22.8000,22.9700,23.0700,953348,21979305.1200,2.587300,-0.433500,1,0
2021-08-26,sh.688678,23.0400,23.1900,22.7400,22.9100,22.9700,978384,22449903.3500,2.655200,-0.261200,1,0
2021-08-27,sh.688678,22.8100,24.2200,22.8100,24.0200,22.9100,4187714,99588299.1200,11.365000,4.845000,1,0
2021-08-30,sh.688678,24.0300,24.3000,23.4100,23.6300,24.0200,1999906,47282009.8800,5.427500,-1.623600,1,0
2021-08-31,sh.688678,23.6600,23.9600,22.9300,23.4600,23.6300,1639957,38399974.2100,4.450700,-0.719400,1,0
2021-09-01,sh.688678,23.3800,23.8000,22.6500,23.1500,23.4600,1549898,35918075.0900,4.206300,-1.321400,1,0
2021-09-02,sh.688678,22.9900,24.0200,22.7700,23.7500,23.1500,1438538,33683802.3000,3.904000,2.591800,1,0
2021-09-03,sh.688678,23.7200,23.9500,23.0500,23.2100,23.7500,1177969,27558995.1200,3.196900,-2.273700,1,0
2021-09-06,sh.688678,23.3500,24.1600,23.0100,24.0500,23.2100,1799675,42859712.6400,4.884100,3.619100,1,0
2021-09-07,sh.688678,24.0500,24.1600,23.6500,23.9800,24.0500,1157237,27606567.7400,3.140600,-0.291100,1,0
2021-09-08,sh.688678,24.1600,24.5400,23.8600,24.3600,23.9800,1207683,29344188.2900,3.277500,1.584700,1,0
2021-09-09,sh.688678,24.3000,26.2800,24.2200,25.0100,24.3600,4605120,117567503.6700,12.497800,2.668300,1,0
2021-09-10,sh.688678,26.0000,26.7000,25.2500,25.6100,25.0100,4912240,127640539.5400,13.331300,2.399000,1,0
2021-09-13,sh.688678,25.5400,27.3000,25.5000,26.9100,25.6100,3562353,95313958.7300,9.667800,5.076100,1,0
2021-09-14,sh.688678,27.0200,27.0200,23.8000,24.7700,26.9100,5560207,139740134.0900,15.089800,-7.952400,1,0
2021-09-15,sh.688678,24.4400,24.6000,23.8800,24.0000,24.7700,2180928,52641879.9600,5.918800,-3.108600,1,0
2021-09-16,sh.688678,24.0900,24.0900,23.2100,23.2700,24.0000,1685445,39621961.6800,4.574100,-3.041700,1,0
2021-09-17,sh.688678,23.5000,23.6800,22.8700,23.6000,23.2700,1269770,29558165.0100,3.446000,1.418100,1,0
2021-09-22,sh.688678,23.7400,23.7400,22.9200,23.6700,23.6000,965154,22581512.8500,2.619300,0.296600,1,0
2021-09-23,sh.688678,23.6700,23.8700,23.3900,23.4100,23.6700,799722,18904458.6000,2.170400,-1.098400,1,0
2021-09-24,sh.688678,23.5000,23.5200,22.9300,23.0100,23.4100,893840,20708436.4500,2.425800,-1.708700,1,0
2021-09-27,sh.688678,23.1200,23.1200,21.5800,21.6300,23.0100,1146963,25330940.8700,3.112700,-5.997400,1,0
2021-09-28,sh.688678,22.0000,22.2900,21.4700,22.0900,21.6300,492256,10783998.0500,1.335900,2.126700,1,0
2021-09-29,sh.688678,21.9800,22.3500,21.6500,21.7500,22.0900,733587,16102798.9500,1.990900,-1.539200,1,0
2021-09-30,sh.688678,22.2000,22.2000,21.7200,22.1000,21.7500,377358,8299287.8700,1.024100,1.609200,1,0
2021-10-08,sh.688678,22.3900,22.5300,22.0900,22.4900,22.1000,376989,8451725.5500,1.023100,1.764700,1,0
2021-10-11,sh.688678,22.6400,22.6500,22.3100,22.4100,22.4900,464591,10451413.1900,1.260800,-0.355700,1,0
2021-10-12,sh.688678,22.5500,22.5600,21.9900,22.3300,22.4100,461432,10263506.8800,1.252300,-0.357000,1,0
2021-10-13,sh.688678,22.0600,22.5000,21.9900,22.3400,22.3300,402507,8960631.7700,1.092400,0.044800,1,0
2021-10-14,sh.688678,22.5100,22.5100,21.7300,22.0500,22.3400,767804,16889521.0800,2.083700,-1.298100,1,0
2021-10-15,sh.688678,22.1900,22.3000,21.5100,21.5100,22.0500,570197,12401442.7800,1.547500,-2.449000,1,0
2021-10-18,sh.688678,21.2200,21.8900,21.2200,21.6200,21.5100,400703,8665504.8900,1.087500,0.511400,1,0
2021-10-19,sh.688678,21.3300,21.9100,21.1800,21.6800,21.6200,860370,18563926.8000,2.334900,0.277500,1,0
2021-10-20,sh.688678,21.9000,22.6000,21.6600,21.8500,21.6800,951636,21047208.5400,2.582600,0.784100,1,0
2021-10-21,sh.688678,21.8500,21.9300,21.1000,21.5600,21.8500,746808,16008222.5800,2.026800,-1.327200,1,0
2021-10-22,sh.688678,21.7800,21.7800,20.7200,20.7200,21.5600,849852,17916912.5800,2.306400,-3.896100,1,0
2021-10-25,sh.688678,21.2900,21.2900,20.2000,20.2000,20.7200,978892,19903799.4600,2.656600,-2.509700,1,0
2021-10-26,sh.688678,20.2200,20.9000,19.4100,20.6200,20.2000,1582404,31886995.1100,4.294500,2.079200,1,0
2021-10-27,sh.688678,20.4600,20.5400,19.8200,19.9200,20.6200,564813,11364357.6100,1.532800,-3.394800,1,0
2021-10-28,sh.688678,20.0000,20.1200,18.9500,18.9500,19.9200,763565,14806669.4500,2.072200,-4.869500,1,0
2021-10-29,sh.688678,20.0300,20.5700,19.5000,20.2400,18.9500,1537589,31105213.6500,4.172800,6.807400,1,0
2021-11-01,sh.688678,20.5000,21.5700,20.2500,21.2600,20.2400,1390035,29284729.3700,3.772400,5.039500,1,0
2021-11-02,sh.688678,21.2800,24.3200,21.1000,23.5200,21.2600,5498524,127338787.1800,14.922400,10.630300,1,0
2021-11-03,sh.688678,24.0000,24.4600,23.0200,23.0600,23.5200,2434677,57252655.4700,6.607400,-1.955800,1,0
2021-11-04,sh.688678,23.6600,25.3600,23.6600,24.9100,23.0600,4175012,102512511.8700,11.330500,8.022500,1,0
2021-11-05,sh.688678,24.3300,25.3200,23.6500,23.7200,24.9100,2801200,67656672.6900,7.602100,-4.777200,1,0
2021-11-08,sh.688678,23.7200,24.3500,23.4000,23.6500,23.7200,1985105,47450878.6700,5.387400,-0.295100,1,0
2021-11-09,sh.688678,23.6500,25.1800,23.6500,24.3600,23.6500,2320095,57020032.1200,6.296500,3.002100,1,0
2021-11-10,sh.688678,24.2600,24.8800,24.0000,24.3800,24.3600,1192110,28970441.1700,3.235300,0.082100,1,0
2021-11-11,sh.688678,24.4400,25.5000,24.3800,24.8000,24.3800,2069740,52135161.4000,5.617000,1.722700,1,0
2021-11-12,sh.688678,25.3800,29.7600,25.1000,29.7600,24.8000,9610301,266423320.5000,26.081300,20.000000,1,0
2021-11-15,sh.688678,31.5400,32.5200,29.0300,31.0000,29.7600,8348036,257844422.6200,22.655600,4.166700,1,0
2021-11-16,sh.688678,29.9400,34.3400,29.4600,32.2500,31.0000,6838633,218735281.8000,18.559300,4.032300,1,0
2021-11-17,sh.688678,33.0000,36.2000,32.3200,34.6000,32.2500,6372004,215932413.3500,17.292900,7.286800,1,0
2021-11-18,sh.688678,34.0000,34.5000,32.7800,32.8800,34.6000,4540712,151978426.8000,12.323000,-4.971100,1,0
2021-11-19,sh.688678,33.2600,34.1700,32.4900,33.4100,32.8800,3511603,117014207.8100,9.530100,1.611900,1,0
2021-11-22,sh.688678,32.7700,34.5600,31.2300,32.3900,33.4100,5088229,166303308.1500,13.808900,-3.053000,1,0
2021-11-23,sh.688678,32.1000,33.3100,31.7700,32.0100,32.3900,2847077,91896451.8300,7.726600,-1.173200,1,0
2021-11-24,sh.688678,31.4500,33.8800,31.4500,32.0300,32.0100,3451516,111803438.6900,9.367000,0.062500,1,0
2021-11-25,sh.688678,31.9300,32.5600,30.2000,30.6600,32.0300,3187396,98446780.5900,8.650200,-4.277200,1,0
2021-11-26,sh.688678,30.1700,31.3800,30.0600,30.3300,30.6600,2497857,76474976.6000,6.778900,-1.076300,1,0
2021-11-29,sh.688678,30.0100,30.6900,29.9100,30.2800,30.3300,2006502,60698589.2400,5.445400,-0.164900,1,0
2021-11-30,sh.688678,31.0000,31.0000,29.5900,29.9800,30.2800,2577045,78007117.1400,6.993800,-0.990800,1,0
2021-12-01,sh.688678,29.9900,30.2600,29.4000,29.6800,29.9800,1519462,45169080.1200,4.123700,-1.000700,1,0
2021-12-02,sh.688678,29.6800,29.8900,27.6600,27.7200,29.6800,3242229,92043419.0400,8.799000,-6.603800,1,0
2021-12-03,sh.688678,27.4500,28.4500,27.3300,27.8200,27.7200,2086055,58266390.7200,5.661300,0.360800,1,0
2021-12-06,sh.688678,27.8200,27.8200,26.6200,26.7000,27.8200,1865003,50404654.8800,5.061400,-4.025900,1,0
2021-12-07,sh.688678,26.7000,27.6400,26.0200,26.5600,26.7000,2342566,61934194.7400,6.357500,-0.524300,1,0
2021-12-08,sh.688678,26.8800,27.0900,26.2600,26.5000,26.5600,1443491,38577569.6900,3.917500,-0.225900,1,0
2021-12-09,sh.688678,26.5500,27.1000,26.3000,26.7400,26.5000,1037063,27649611.1500,2.814500,0.905700,1,0
2021-12-10,sh.688678,27.1600,28.9100,26.8100,27.1200,26.7400,3572681,98600428.4100,9.695900,1.421100,1,0
2021-12-13,sh.688678,28.0000,30.9800,27.3600,30.1800,27.1200,7367598,214437598.8800,19.994800,11.283200,1,0
2021-12-14,sh.688678,29.5900,31.6900,29.1200,31.2600,30.1800,3981535,121785272.2100,10.805400,3.578500,1,0
2021-12-15,sh.688678,30.6100,31.5700,29.8500,30.0100,31.2600,2130403,64980135.1700,5.781700,-3.998700,1,0
2021-12-16,sh.688678,30.1100,31.2200,29.0000,29.7500,30.0100,2510887,74963773.8900,6.814300,-0.866400,1,0
2021-12-17,sh.688678,29.8000,32.7000,29.6800,32.1900,29.7500,5662763,178352862.8700,15.368100,8.201700,1,0
2021-12-20,sh.688678,31.6300,32.6300,31.4000,32.2000,32.1900,2809043,89894856.3100,7.623400,0.031100,1,0
2021-12-21,sh.688678,31.9000,33.0000,31.5200,32.2000,32.2000,2089983,67419957.4400,5.672000,0.000000,1,0
2021-12-22,sh.688678,32.6600,34.5700,32.1900,33.7900,32.2000,2000923,66587462.7400,5.430300,4.937900,1,0
2021-12-23,sh.688678,32.8000,35.3200,32.6600,34.0300,33.7900,5534761,186727019.5300,6.303600,0.710300,1,0
2021-12-24,sh.688678,33.4000,34.8600,32.0000,32.5000,34.0300,3727848,123029595.3000,4.245700,-4.496000,1,0
2021-12-27,sh.688678,32.4600,33.7900,30.1200,33.4900,32.5000,2708290,89617743.3700,3.084500,3.046200,1,0
2021-12-28,sh.688678,33.7700,34.7000,33.0000,33.4600,33.4900,1945107,65650485.2600,2.215300,-0.089600,1,0
2021-12-29,sh.688678,33.4600,33.7000,32.6000,33.4000,33.4600,1654458,54937519.0900,1.884300,-0.179300,1,0
2021-12-30,sh.688678,33.2000,33.7400,32.0400,33.0000,33.4000,2351762,76609671.8700,2.678400,-1.197600,1,0
2021-12-31,sh.688678,34.0000,34.0000,32.3000,32.7900,33.0000,1487375,49047562.7000,1.694000,-0.636400,1,0
2022-01-04,sh.688678,32.9900,33.5000,31.8200,33.0000,32.7900,1901935,62635540.9200,2.166100,0.640400,1,0
2022-01-05,sh.688678,33.3000,33.5800,31.6200,32.9000,33.0000,1134290,37011299.1400,1.291800,-0.303000,1,0
2022-01-06,sh.688678,33.3300,33.3300,32.1300,32.6000,32.9000,803599,26274018.5100,0.915200,-0.911900,1,0
2022-01-07,sh.688678,32.4700,33.1800,31.8100,32.4500,32.6000,983924,31909492.0900,1.120600,-0.460100,1,0
2022-01-10,sh.688678,32.5000,32.6000,30.6800,31.8500,32.4500,1441372,45716948.6600,1.641600,-1.849000,1,0
2022-01-11,sh.688678,31.0200,32.0900,30.5000,30.8800,31.8500,1333374,41814804.0800,1.518600,-3.045500,1,0
2022-01-12,sh.688678,30.5100,32.7900,30.5100,31.3400,30.8800,2307084,72815152.0800,2.627500,1.489600,1,0
2022-01-13,sh.688678,31.9000,31.9000,29.9200,31.0700,31.3400,2586620,78557402.8500,2.945900,-0.861500,1,0
2022-01-14,sh.688678,31.0700,31.0700,29.6000,30.4700,31.0700,1620036,49038248.7200,1.845100,-1.931100,1,0
2022-01-17,sh.688678,29.1900,31.0100,29.1900,30.1800,30.4700,1477424,44946880.8200,1.682600,-0.951800,1,0
2022-01-18,sh.688678,29.7000,30.2600,29.7000,29.9300,30.1800,664907,19938800.9000,0.757300,-0.828400,1,0
2022-01-19,sh.688678,30.0900,30.7600,28.5100,30.0000,29.9300,1871303,55828960.4900,2.131200,0.233900,1,0
2022-01-20,sh.688678,29.8300,32.1700,29.3000,31.8500,30.0000,1404163,43876196.0200,1.599200,6.166700,1,0
2022-01-21,sh.688678,31.5000,32.2300,30.6100,31.2800,31.8500,468306,14763714.8100,0.533400,-1.789600,1,0
2022-01-24,sh.688678,32.5000,32.5000,30.3200,31.0600,31.2800,1073362,33579458.3800,1.222500,-0.703300,1,0
2022-01-25,sh.688678,28.8000,31.0600,28.8000,29.1500,31.0600,1402445,41593778.4500,1.597300,-6.149400,1,0
2022-01-26,sh.688678,28.9800,30.3000,28.2000,29.3300,29.1500,1124584,32727531.9300,1.280800,0.617500,1,0
2022-01-27,sh.688678,30.2000,30.2000,28.5100,29.0000,29.3300,586597,17058205.9500,0.668100,-1.125100,1,0
2022-01-28,sh.688678,28.8100,29.1300,27.3000,28.0300,29.0000,1362597,38368385.9200,1.551900,-3.344800,1,0
2022-02-07,sh.688678,28.0600,28.6000,27.0000,27.3200,28.0300,949418,26063128.9400,1.081300,-2.533000,1,0
2022-02-08,sh.688678,26.7000,27.6000,26.5000,27.1700,27.3200,472834,12738773.6800,0.538500,-0.549000,1,0
2022-02-09,sh.688678,26.7000,27.6000,26.4200,27.3000,27.1700,740109,19989974.4100,0.842900,0.478500,1,0
2022-02-10,sh.688678,27.3000,27.5000,25.8700,26.3200,27.3000,1077456,28324919.9600,1.227100,-3.589700,1,0
2022-02-11,sh.688678,25.8800,26.2000,24.8600,24.8600,26.3200,717687,18241268.7500,0.817400,-5.547100,1,0
2022-02-14,sh.688678,24.9400,25.4700,24.1000,24.5400,24.8600,1655673,40560067.3300,1.885700,-1.287200,1,0
2022-02-15,sh.688678,24.6100,25.9800,24.6100,25.2900,24.5400,1514642,38366016.2100,1.725000,3.056200,1,0
2022-02-16,sh.688678,25.8600,26.5300,25.4600,25.8000,25.2900,935718,24289241.5900,1.065700,2.016600,1,0
2022-02-17,sh.688678,25.8000,26.7900,25.6400,26.2200,25.8000,773256,20332321.0600,0.880700,1.627900,1,0
2022-02-18,sh.688678,26.5000,26.5100,25.6200,26.2000,26.2200,671899,17511549.4600,0.765200,-0.076300,1,0
2022-02-21,sh.688678,26.1800,27.0600,25.4800,25.8000,26.2000,1020951,26510770.8400,1.162800,-1.526700,1,0
2022-02-22,sh.688678,25.8800,25.8800,25.0100,25.5900,25.8000,757564,19299864.2900,0.862800,-0.814000,1,0
2022-02-23,sh.688678,25.6700,27.1700,25.4200,26.7000,25.5900,734736,19536856.1400,0.836800,4.337600,1,0
2022-02-24,sh.688678,26.6300,28.3000,26.4100,27.3300,26.7000,1715433,46875692.5000,1.953700,2.359600,1,0
2022-02-25,sh.688678,27.3300,27.9100,26.6800,26.6800,27.3300,801374,21863322.3800,0.912700,-2.378300,1,0
2022-02-28,sh.688678,26.6800,27.5200,26.0200,26.9400,26.6800,759129,20356212.0000,0.864600,0.974500,1,0
2022-03-01,sh.688678,27.0100,27.2300,26.0600,26.7000,26.9400,1076278,28467370.0000,1.225800,-0.890900,1,0
2022-03-02,sh.688678,26.8700,27.1900,26.5000,27.0000,26.7000,461663,12363691.0000,0.525800,1.123600,1,0
2022-03-03,sh.688678,27.0000,27.0200,25.1100,25.7500,27.0000,1335862,34433915.0000,1.521400,-4.629600,1,0
2022-03-04,sh.688678,25.5000,25.8900,25.0000,25.7500,25.7500,1324351,33634573.0000,1.508300,0.000000,1,0
2022-03-07,sh.688678,25.5500,25.5800,23.5000,23.9000,25.7500,1934341,46879913.0000,2.203000,-7.184500,1,0
2022-03-08,sh.688678,23.9000,24.1800,22.6800,23.0100,23.9000,1026498,24075851.0000,1.169100,-3.723800,1,0
2022-03-09,sh.688678,22.6300,23.1800,22.0000,22.7200,23.0100,958824,21578080.0000,1.092000,-1.260300,1,0
2022-03-10,sh.688678,23.3800,23.5500,22.6000,23.1300,22.7200,1107709,25453395.0000,1.261600,1.804600,1,0
2022-03-11,sh.688678,23.0800,23.8000,22.0000,22.8500,23.1300,2365846,53270035.0000,2.694500,-1.210500,1,0
2022-03-14,sh.688678,22.8500,22.8500,21.5900,22.0500,22.8500,944241,21058947.0000,1.075400,-3.501100,1,0
2022-03-15,sh.688678,22.0800,22.0800,20.5100,20.5200,22.0500,772403,16434801.0000,0.879700,-6.938800,1,0
2022-03-16,sh.688678,21.0500,21.1900,19.9500,20.7500,20.5200,1888780,39103162.0000,2.151100,1.120900,1,0
2022-03-17,sh.688678,20.7500,24.6200,20.7500,24.2000,20.7500,2394391,55499065.0000,2.727000,16.626500,1,0
2022-03-18,sh.688678,24.3000,24.3000,22.2200,22.4800,24.2000,3020454,68372509.5000,3.440000,-7.107400,1,0
2022-03-21,sh.688678,22.3900,22.9000,22.1400,22.6400,22.4800,1204203,27087142.5000,1.371500,0.711700,1,0
2022-03-22,sh.688678,22.5700,22.7800,22.1000,22.1800,22.6400,891812,19948237.3000,1.015700,-2.031800,1,0
2022-03-23,sh.688678,22.2600,22.3900,22.0500,22.0500,22.1800,471290,10441386.0900,0.536800,-0.586100,1,0
2022-03-24,sh.688678,22.1800,22.1800,21.3900,21.4400,22.0500,619098,13398145.6500,0.705100,-2.766400,1,0
2022-03-25,sh.688678,21.7900,21.7900,20.6200,20.8400,21.4400,749569,15827002.6000,0.853700,-2.798500,1,0
2022-03-28,sh.688678,20.8400,21.0900,20.4900,20.7100,20.8400,732109,15167257.3100,0.833800,-0.623800,1,0
2022-03-29,sh.688678,20.9500,20.9500,20.2900,20.3800,20.7100,551023,11317408.3000,0.627600,-1.593400,1,0
2022-03-30,sh.688678,20.4000,21.1500,20.4000,20.8800,20.3800,735611,15293172.4500,0.837800,2.453400,1,0
2022-03-31,sh.688678,20.8700,21.6900,20.6400,21.0300,20.8800,851502,17872611.6100,0.969800,0.718400,1,0
2022-04-01,sh.688678,20.6800,21.3800,20.5700,20.7100,21.0300,630375,13099657.0800,0.717900,-1.521600,1,0
2022-04-06,sh.688678,20.6100,20.7100,19.9400,20.1500,20.7100,661271,13334699.8500,0.753100,-2.704000,1,0
2022-04-07,sh.688678,20.0000,20.1500,19.3300,19.7800,20.1500,755452,14960320.8500,0.860400,-1.836200,1,0
2022-04-08,sh.688678,19.5000,19.8000,19.2300,19.3700,19.7800,488474,9484840.6100,0.556300,-2.072800,1,0
2022-04-11,sh.688678,19.1200,19.3300,18.5000,18.6800,19.3700,730186,13732717.9900,0.831600,-3.562200,1,0
2022-04-12,sh.688678,18.6800,19.0500,18.2200,18.9100,18.6800,933759,17378511.6800,1.063500,1.231300,1,0
2022-04-13,sh.688678,18.4900,19.0900,18.0100,18.1300,18.9100,822673,15051343.5000,0.936900,-4.124800,1,0
2022-04-14,sh.688678,18.2500,18.2500,17.5800,17.8100,18.1300,1202815,21404571.9000,1.369900,-1.765000,1,0
2022-04-15,sh.688678,17.5900,17.5900,16.8000,17.2500,17.8100,2062377,35274208.3300,2.348900,-3.144300,1,0
2022-04-18,sh.688678,17.1000,17.9700,17.1000,17.7100,17.2500,1217600,21498560.9700,1.386700,2.666700,1,0
2022-04-19,sh.688678,17.6000,18.1100,17.5400,17.6700,17.7100,1093249,19413820.0000,1.245100,-0.225900,1,0
2022-04-20,sh.688678,18.1900,18.1900,17.0600,17.2600,17.6700,872145,15179414.0200,0.993300,-2.320300,1,0
2022-04-21,sh.688678,17.2700,17.4800,16.0100,16.2300,17.2600,1263519,21012865.8400,1.439000,-5.967600,1,0
2022-04-22,sh.688678,16.3900,16.3900,15.3600,15.7200,16.2300,1384167,21798702.5300,1.576400,-3.142300,1,0
2022-04-25,sh.688678,15.5200,15.6100,14.2600,14.2900,15.7200,1420145,21191458.8500,1.617400,-9.096700,1,0
2022-04-26,sh.688678,14.2900,14.6000,13.4000,13.4500,14.2900,1502374,20941010.8400,1.711100,-5.878200,1,0
2022-04-27,sh.688678,13.3000,14.3900,12.8500,14.2000,13.4500,2048580,27656193.5700,2.333100,5.576200,1,0
2022-04-28,sh.688678,14.4700,16.0000,14.4700,15.1700,14.2000,2835964,43539963.0800,3.229900,6.831000,1,0
2022-04-29,sh.688678,15.5000,15.9900,14.8700,15.4100,15.1700,1788171,27345968.8000,2.036600,1.582100,1,0
2022-05-05,sh.688678,15.0100,16.6300,15.0100,15.9200,15.4100,2119952,34213214.2700,2.414400,3.309500,1,0
2022-05-06,sh.688678,15.6000,16.5000,15.3500,16.2100,15.9200,1516102,24485635.0700,1.726700,1.821600,1,0
2022-05-09,sh.688678,16.2100,17.1800,16.1200,16.8200,16.2100,2033723,34100679.9500,2.316200,3.763100,1,0
2022-05-10,sh.688678,16.5100,17.6100,16.0500,17.1400,16.8200,1840556,31388980.4300,2.096200,1.902500,1,0
2022-05-11,sh.688678,17.6800,18.2000,17.0200,17.3900,17.1400,1688917,29929726.3600,1.923500,1.458600,1,0
2022-05-12,sh.688678,17.3000,18.1100,17.2900,18.0600,17.3900,1256735,22404863.3500,1.431300,3.852800,1,0
2022-05-13,sh.688678,17.9500,18.3600,17.7100,17.9000,18.0600,886441,15908198.4400,1.009600,-0.885900,1,0
2022-05-16,sh.688678,18.3800,18.3800,17.7200,17.9200,17.9000,865251,15528792.2900,0.985400,0.111700,1,0
2022-05-17,sh.688678,18.2000,18.2300,17.5000,17.8000,17.9200,1147851,20545471.1400,1.307300,-0.669600,1,0
2022-05-18,sh.688678,18.0500,18.7300,17.8800,18.0700,17.8000,1302090,23765551.2700,1.483000,1.516900,1,0
2022-05-19,sh.688678,17.7800,18.7600,17.7800,18.6600,18.0700,1317783,24301847.9600,1.500800,3.265100,1,0
2022-05-20,sh.688678,18.9600,19.0900,18.5100,18.7700,18.6600,1354435,25436556.1200,1.542600,0.589500,1,0
2022-05-23,sh.688678,18.7100,19.1600,18.7000,19.0200,18.7700,863367,16404828.9600,0.983300,1.331900,1,0
2022-05-24,sh.688678,18.8300,19.2900,18.3400,18.3500,19.0200,1375842,25993552.4100,1.567000,-3.522600,1,0
2022-05-25,sh.688678,18.3000,19.0100,18.0000,18.7900,18.3500,608973,11366664.2600,0.693600,2.397800,1,0
2022-05-26,sh.688678,18.7000,18.9800,18.3000,18.5700,18.7900,928185,17297878.5400,1.057100,-1.170800,1,0
2022-05-27,sh.688678,18.5800,19.0100,18.3600,18.5900,18.5700,740782,13842080.4500,0.843700,0.107700,1,0
2022-05-30,sh.688678,18.5800,18.8200,18.3100,18.5600,18.5900,656862,12188578.0400,0.748100,-0.161400,1,0
2022-05-31,sh.688678,18.5600,19.7900,18.1100,19.5600,18.5600,1680115,32100700.8900,1.913500,5.387900,1,0
2022-06-01,sh.688678,19.5500,20.6000,19.2000,19.9000,19.5600,1318827,26373649.0800,1.502000,1.738200,1,0
2022-06-02,sh.688678,19.7000,21.7800,19.5200,21.3500,19.9000,2278938,47286149.4500,2.595500,7.286400,1,0
2022-06-06,sh.688678,21.2800,22.3000,21.0600,21.8500,21.3500,2678709,57979374.6000,3.050800,2.341900,1,0
2022-06-07,sh.688678,21.8500,22.0800,20.3900,20.4800,21.8500,2531957,52923829.9400,2.883700,-6.270000,1,0
2022-06-08,sh.688678,20.6500,21.1300,19.4800,19.7900,20.4800,2669319,53483664.1800,3.040100,-3.369100,1,0
2022-06-09,sh.688678,19.8000,19.9500,18.5800,18.8000,19.7900,2440349,46195839.3600,2.779300,-5.002500,1,0
2022-06-10,sh.688678,18.8000,20.1500,18.6500,19.9500,18.8000,2154211,42061815.6400,2.453400,6.117000,1,0
2022-06-13,sh.688678,19.8600,22.2000,19.8200,21.0100,19.9500,4630892,97892103.0200,5.274100,5.313300,1,0
2022-06-14,sh.688678,21.2000,22.1900,19.9300,21.2900,21.0100,6415603,135534444.7100,7.306800,1.332700,1,0
2022-06-15,sh.688678,21.2800,23.9300,20.7600,22.0000,21.2900,9242680,206465980.1500,10.526500,3.334900,1,0
2022-06-16,sh.688678,22.3500,24.5900,22.2800,23.9400,22.0000,8505254,199719054.5700,9.686700,8.818200,1,0
2022-06-17,sh.688678,23.8800,24.3900,23.5000,23.9900,23.9400,5031451,120558233.6200,5.730300,0.208900,1,0
2022-06-20,sh.688678,26.0000,26.5000,24.2500,24.8000,23.9900,6270637,157777697.3600,7.141700,3.376400,1,0
2022-06-21,sh.688678,24.4500,25.2800,23.9000,24.3600,24.8000,5491109,134842806.4300,6.253900,-1.774200,1,0
2022-06-22,sh.688678,24.1000,25.0000,23.3000,23.3000,24.3600,5695948,136807819.2700,6.487100,-4.351400,1,0
2022-06-23,sh.688678,23.5000,24.2200,22.8200,23.9500,23.3000,4168526,98356080.7900,4.747600,2.789700,1,0
2022-06-24,sh.688678,24.5300,26.6200,24.4800,25.7400,23.9500,7641657,196471000.7000,8.703100,7.473900,1,0
2022-06-27,sh.688678,26.3800,27.3000,25.8100,25.9000,25.7400,7547072,200273160.3900,8.595400,0.621600,1,0
2022-06-28,sh.688678,25.8000,25.9900,24.5000,25.7100,25.6000,5567912,141213373.5900,6.341300,0.429700,1,0
2022-06-29,sh.688678,26.7000,27.3500,25.0500,25.1100,25.7100,6909671,181123786.5800,7.869500,-2.333700,1,0
2022-06-30,sh.688678,25.4500,26.1500,25.0000,25.3700,25.1100,4488404,114691803.2800,5.111900,1.035400,1,0
2022-07-01,sh.688678,25.8000,28.2800,25.8000,26.7100,25.3700,8340670,224749738.2200,9.499200,5.281800,1,0
2022-07-04,sh.688678,26.7100,26.7100,24.2000,25.1200,26.7100,8333260,210486371.6500,9.490800,-5.952800,1,0
2022-07-05,sh.688678,25.1200,25.7100,23.9300,24.2500,25.1200,5422071,134611517.7400,6.175200,-3.463400,1,0
2022-07-06,sh.688678,24.4900,24.9700,23.5500,24.8000,24.2500,3676080,89988286.6600,4.186700,2.268000,1,0
2022-07-07,sh.688678,24.7500,25.4800,24.6100,25.0900,24.8000,2354799,58822603.1800,2.681900,1.169400,1,0
2022-07-08,sh.688678,25.5000,25.7000,24.6000,24.6200,25.0900,2126441,53167781.0300,2.421800,-1.873300,1,0
2022-07-11,sh.688678,24.5500,24.6700,23.3000,23.9200,24.6200,4151568,99000620.1100,4.728200,-2.843200,1,0
2022-07-12,sh.688678,23.9100,23.9400,22.7100,22.7600,23.9200,3050574,70515095.5500,3.474300,-4.849500,1,0
2022-07-13,sh.688678,22.6600,23.9000,22.3500,23.6600,22.7600,2228558,51790599.5600,2.538100,3.954300,1,0
2022-07-14,sh.688678,23.0000,25.0200,23.0000,24.4100,23.6600,2676245,65478864.7900,3.048000,3.169900,1,0
2022-07-15,sh.688678,24.4100,24.6400,23.6200,23.6600,24.4100,1597786,38474962.7800,1.819700,-3.072500,1,0
2022-07-18,sh.688678,23.2100,24.4200,23.2000,23.8300,23.6600,2950412,70391517.5200,3.360200,0.718500,1,0
2022-07-19,sh.688678,23.5500,24.1700,22.6700,22.8900,23.8300,3364845,78075817.1500,3.832200,-3.944600,1,0
2022-07-20,sh.688678,22.9900,23.3500,22.5000,22.5900,22.8900,2805967,63917207.5700,3.195700,-1.310600,1,0
2022-07-21,sh.688678,22.7200,24.6100,22.5200,24.1900,22.5900,4457741,106738646.3500,5.076900,7.082800,1,0
2022-07-22,sh.688678,24.0300,26.1800,24.0300,24.7000,24.1900,5355120,134351787.9800,6.099000,2.108300,1,0
2022-07-25,sh.688678,25.2100,25.2200,23.4400,23.4400,24.7000,3396782,82840947.6400,3.868600,-5.101200,1,0
2022-07-26,sh.688678,23.4800,23.9000,22.6100,23.1500,23.4400,3076400,71534835.2600,3.503700,-1.237200,1,0
2022-07-27,sh.688678,23.1800,24.8600,23.1100,24.6700,23.1500,3643990,88700027.6900,4.150200,6.565900,1,0
2022-07-28,sh.688678,24.8100,25.8600,24.2700,25.4800,24.6700,4667418,117489419.7300,5.315700,3.283300,1,0
2022-07-29,sh.688678,25.7000,28.4000,25.7000,27.5400,25.4800,8452523,233018878.7600,9.626600,8.084800,1,0
2022-08-01,sh.688678,27.5800,28.1800,26.9800,27.5700,27.5400,4895214,134887278.0100,5.575200,0.108900,1,0
2022-08-02,sh.688678,26.9800,27.5700,25.4300,25.5500,27.5700,5764135,151485406.3300,6.564800,-7.326800,1,0
2022-08-03,sh.688678,25.9000,26.1800,23.6000,23.6800,25.5500,7123786,175532757.1700,8.113300,-7.319000,1,0
2022-08-04,sh.688678,23.7900,24.7500,23.5000,23.8800,23.6800,4801597,115349926.0000,5.468600,0.844600,1,0
2022-08-05,sh.688678,24.1300,25.5000,24.1000,24.7200,23.8800,4305748,106960803.0000,4.903800,3.517600,1,0
2022-08-08,sh.688678,24.4800,26.2600,24.2000,26.1000,24.7200,3982054,101219932.0000,4.535200,5.582500,1,0
2022-08-09,sh.688678,26.0900,26.9300,25.8300,26.1200,26.1000,3100532,81356353.0000,3.531200,0.076600,1,0
2022-08-10,sh.688678,26.5000,27.1200,25.7200,27.0000,26.1200,3195653,84685626.0000,3.639500,3.369100,1,0
2022-08-11,sh.688678,27.0000,27.2100,26.1800,26.6200,27.0000,3232469,85908393.0000,3.681500,-1.407400,1,0
2022-08-12,sh.688678,26.9200,28.2300,26.7100,26.9800,26.6200,5854913,160718766.0000,6.668200,1.352400,1,0
2022-08-15,sh.688678,26.6000,27.5700,26.2200,27.3500,26.9800,3561585,96324734.1500,4.056300,1.371400,1,0
2022-08-16,sh.688678,27.5800,29.2800,27.0000,28.0800,27.3500,5094292,143806819.4400,5.801900,2.669100,1,0
2022-08-17,sh.688678,27.9000,31.5000,27.5300,30.5400,28.0800,8288635,247154591.2600,9.440000,8.760700,1,0
2022-08-18,sh.688678,30.5400,34.4500,30.4000,34.2400,30.5400,11233200,364546662.9100,12.793500,12.115300,1,0
2022-08-19,sh.688678,34.0000,34.3800,31.6200,32.6700,34.2400,9665867,318446737.6800,11.008500,-4.585300,1,0
2022-08-22,sh.688678,32.9500,32.9500,30.5800,30.9000,32.6700,7439511,232208823.5200,8.472900,-5.417800,1,0
2022-08-23,sh.688678,30.7000,33.2000,30.5100,32.9000,30.9000,10164269,321058203.4800,11.576100,6.472500,1,0
2022-08-24,sh.688678,32.8700,33.2000,30.1000,30.3200,32.9000,7326881,229221663.2200,8.344600,-7.841900,1,0
2022-08-25,sh.688678,30.8500,30.9200,27.7200,28.1000,30.3200,8153744,232739901.6800,9.286300,-7.321900,1,0
2022-08-26,sh.688678,27.5600,30.0000,26.1000,28.7000,28.1000,10662686,297115602.9400,12.143800,2.135200,1,0
2022-08-29,sh.688678,28.0000,30.9500,27.4800,29.1800,28.7000,8038226,239818879.5800,9.154800,1.672500,1,0
2022-08-30,sh.688678,29.4300,30.0000,28.4100,28.4800,29.1800,5662469,165131887.8300,6.449000,-2.398900,1,0
2022-08-31,sh.688678,28.7900,28.7900,25.8000,25.8600,28.4800,6328392,170022654.2700,7.207400,-9.199400,1,0
2022-09-01,sh.688678,26.3400,27.1300,25.2000,25.6200,25.8600,4291745,111021597.8200,4.887900,-0.928100,1,0
2022-09-02,sh.688678,25.9400,27.3400,25.4300,26.6100,25.6200,3502540,93200212.9800,3.989100,3.864200,1,0
2022-09-05,sh.688678,26.7700,28.9800,26.6500,27.7900,26.6100,4840418,135597994.3900,5.512800,4.434400,1,0
2022-09-06,sh.688678,28.0600,29.3700,27.7000,28.9800,27.7900,4598710,131373344.2000,5.237500,4.282100,1,0
2022-09-07,sh.688678,28.9800,29.7000,28.6000,28.8200,28.9800,3607555,105023711.8000,4.108700,-0.552100,1,0
2022-09-08,sh.688678,29.0000,30.5800,28.8000,29.1800,28.8200,4372697,129467678.9800,4.980100,1.249100,1,0
2022-09-09,sh.688678,29.2900,29.2900,28.1500,28.7400,29.1800,2651738,75854453.2400,3.020100,-1.507900,1,0
2022-09-13,sh.688678,28.8600,29.2400,27.4000,28.4000,28.7400,2733033,76820046.5800,3.112700,-1.183000,1,0
2022-09-14,sh.688678,28.4000,28.9100,27.3900,27.9300,28.4000,3428245,95660786.0000,3.904400,-1.654900,1,0
2022-09-15,sh.688678,28.7100,28.7100,25.0000,25.0300,27.9300,5701882,148159720.5000,6.493900,-10.383100,1,0
2022-09-16,sh.688678,24.6700,25.7600,24.5200,24.9700,25.0300,3121784,78631150.3500,3.555400,-0.239700,1,0
2022-09-19,sh.688678,24.6400,25.3600,23.8000,24.1400,24.9700,2660851,64854552.3700,3.030500,-3.324000,1,0
2022-09-20,sh.688678,24.1700,25.7400,24.1300,24.5600,24.1400,3071075,76195573.5800,3.497700,1.739900,1,0
2022-09-21,sh.688678,24.7000,24.7000,23.3000,23.6500,24.5600,3731959,88566187.0600,4.250300,-3.705200,1,0
2022-09-22,sh.688678,23.4800,24.3000,22.8900,23.8500,23.6500,2487506,59065909.3200,2.833000,0.845700,1,0
2022-09-23,sh.688678,23.7800,24.1500,22.6000,22.8000,23.8500,2325836,53559455.8500,2.648900,-4.402500,1,0
2022-09-26,sh.688678,18.9100,23.8000,18.9100,23.3000,22.8000,3098300,71810778.5200,3.528700,2.193000,1,0
2022-09-27,sh.688678,23.3300,24.5500,23.3000,24.2400,23.3000,2677220,64086675.4700,3.049100,4.034300,1,0
2022-09-28,sh.688678,24.2300,24.3500,22.3000,22.3600,24.2400,2760336,63436451.7800,3.143800,-7.755800,1,0
2022-09-29,sh.688678,23.2900,23.2900,21.5200,22.0700,22.3600,2801034,61892349.2000,3.190100,-1.297000,1,0
2022-09-30,sh.688678,22.0400,22.2300,20.7800,20.8000,22.0700,2973410,63127076.0200,3.386400,-5.754400,1,0
2022-10-10,sh.688678,20.9900,21.1300,19.7600,19.9100,20.8000,2410894,49152452.3800,2.745800,-4.278800,1,0
2022-10-11,sh.688678,20.0000,20.5400,19.7500,20.1300,19.9100,1834021,36990473.3700,2.088800,1.105000,1,0
2022-10-12,sh.688678,20.2500,21.4400,19.6900,21.3600,20.1300,1734857,35467087.0100,1.975800,6.110300,1,0
2022-10-13,sh.688678,21.2900,22.0100,21.0400,21.5000,21.3600,2120017,45853265.3100,2.414500,0.655400,1,0
2022-10-14,sh.688678,21.9300,23.0000,21.6000,22.4900,21.5000,2028675,45062156.7000,2.310500,4.604700,1,0
2022-10-17,sh.688678,22.5000,22.9800,21.5200,22.0600,22.4900,2733039,60447544.6900,3.112700,-1.912000,1,0
2022-10-18,sh.688678,22.3000,22.8000,21.6800,22.2100,22.0600,2632740,58397044.1500,2.998400,0.680000,1,0
2022-10-19,sh.688678,22.3000,22.7900,22.0000,22.1300,22.2100,1874949,41897246.1500,2.135400,-0.360200,1,0
2022-10-20,sh.688678,21.9300,23.0000,21.4200,22.0900,22.1300,1995413,44090149.6300,2.272600,-0.180800,1,0
2022-10-21,sh.688678,22.0800,22.7700,21.7600,22.6000,22.0900,2071748,46333249.8500,2.359500,2.308700,1,0
2022-10-24,sh.688678,22.1300,23.5600,22.1300,22.9000,22.6000,2198882,50745225.9900,2.504300,1.327400,1,0
2022-10-25,sh.688678,22.7300,23.5200,22.1300,22.5800,22.9000,2805004,63702365.7900,3.194600,-1.397400,1,0
2022-10-26,sh.688678,22.4800,23.6600,22.4800,23.3000,22.5800,2282597,52756846.1500,2.599700,3.188700,1,0
2022-10-27,sh.688678,23.3000,24.1600,22.7400,22.7500,23.3000,2350630,55288099.8800,2.677100,-2.360500,1,0
2022-10-28,sh.688678,22.3700,23.4000,21.4500,21.5900,22.7500,2867499,63899803.0200,3.265800,-5.098900,1,0
2022-10-31,sh.688678,22.1500,22.9300,22.1000,22.4600,21.5900,2986667,67352487.6800,3.401500,4.029600,1,0
2022-11-01,sh.688678,22.6600,24.1000,22.3700,23.9800,22.4600,3180999,74643677.4900,3.622900,6.767600,1,0
2022-11-02,sh.688678,24.5200,25.0700,24.0000,24.9800,23.9800,3494576,86065260.0300,3.980000,4.170100,1,0
2022-11-03,sh.688678,24.6200,26.0900,24.6200,25.9400,24.9800,3766852,96227338.4400,4.290100,3.843100,1,0
2022-11-04,sh.688678,26.1500,27.4500,25.8200,27.2300,25.9400,5097649,136264812.9000,5.805700,4.973000,1,0
2022-11-07,sh.688678,27.3200,27.9600,26.6200,27.0300,27.2300,3060354,82848922.3100,3.485500,-0.734500,1,0
2022-11-08,sh.688678,27.0100,27.4800,26.3500,26.9500,27.0300,3190056,85514970.8600,3.633200,-0.296000,1,0
2022-11-09,sh.688678,26.7100,27.5000,25.8900,26.4000,26.9500,2680455,71316695.6100,3.052800,-2.040800,1,0
2022-11-10,sh.688678,26.3300,27.1900,25.6300,25.7000,26.4000,2628978,68990253.1900,2.994200,-2.651500,1,0
2022-11-11,sh.688678,26.6800,26.8800,26.0100,26.4600,25.7000,2638028,69931460.4300,3.004500,2.957200,1,0
2022-11-14,sh.688678,26.6000,26.6000,24.5000,24.8600,26.4600,3802766,96082720.4300,4.331000,-6.046900,1,0
2022-11-15,sh.688678,24.8800,26.2000,24.6700,26.1600,24.8600,2607456,66948331.8700,2.969600,5.229300,1,0
2022-11-16,sh.688678,26.5300,26.6000,25.4700,25.5700,26.1600,1520686,39245188.2200,1.731900,-2.255400,1,0
2022-11-17,sh.688678,25.2500,25.5000,24.7400,25.3400,25.5700,1542176,38603312.8800,1.756400,-0.899500,1,0
2022-11-18,sh.688678,25.2100,25.5300,24.4800,24.5700,25.3400,1960257,48877686.3900,2.232500,-3.038700,1,0
2022-11-21,sh.688678,24.4000,25.1400,23.9200,25.0900,24.5700,2133380,52534599.3900,2.429700,2.116400,1,0
2022-11-22,sh.688678,25.2700,25.3100,24.1000,24.2600,25.0900,1763061,43498236.8000,2.008000,-3.308100,1,0
2022-11-23,sh.688678,24.4700,24.6600,23.4500,24.3500,24.2600,2202375,53001127.5400,2.508300,0.371000,1,0
2022-11-24,sh.688678,24.5800,25.1100,24.0400,24.2100,24.3500,1523732,37498442.0100,1.735400,-0.574900,1,0
2022-11-25,sh.688678,24.2000,24.2000,23.1400,23.1700,24.2100,1966490,46322970.0300,2.239600,-4.295700,1,0
2022-11-28,sh.688678,23.1600,23.2400,22.4400,22.8200,23.1700,1788905,40778760.7100,2.037400,-1.510600,1,0
2022-11-29,sh.688678,22.6900,23.3700,22.6400,22.8800,22.8200,1557346,35860984.5500,1.773700,0.262900,1,0
2022-11-30,sh.688678,22.7100,23.1300,22.3400,22.6600,22.8800,1454453,32952729.6500,1.656500,-0.961500,1,0
2022-12-01,sh.688678,22.9000,23.5200,22.7400,22.8200,22.6600,1628730,37756162.5700,1.855000,0.706100,1,0
2022-12-02,sh.688678,22.7500,23.6500,22.5100,23.5000,22.8200,2367021,55252533.3400,2.695800,2.979800,1,0
2022-12-05,sh.688678,23.9000,23.9000,21.4700,21.7700,23.5000,5144353,113719266.3100,5.858900,-7.361700,1,0
2022-12-06,sh.688678,21.7200,22.1400,21.4700,21.9600,21.7700,2560821,55744282.6800,2.916500,0.872800,1,0
2022-12-07,sh.688678,21.9500,22.1800,21.4500,21.6700,21.9600,2009285,43675169.8400,2.288400,-1.320600,1,0
2022-12-08,sh.688678,21.8000,22.0700,21.2200,21.4700,21.6700,1886570,40783531.8200,2.148600,-0.922900,1,0
2022-12-09,sh.688678,21.5500,21.7000,21.2300,21.3300,21.4700,1417329,30360617.6700,1.614200,-0.652100,1,0
2022-12-12,sh.688678,21.4200,21.7400,20.8000,21.6000,21.3300,1507643,32173390.3200,1.717100,1.265800,1,0
2022-12-13,sh.688678,21.6000,21.6500,20.5700,20.6400,21.6000,2218352,46294346.3900,2.526500,-4.444400,1,0
2022-12-14,sh.688678,20.8300,21.1200,20.3300,20.4800,20.6400,1329344,27553798.1500,1.514000,-0.775200,1,0
2022-12-15,sh.688678,20.4800,21.1900,20.3800,21.0000,20.4800,1567288,32631119.4600,1.785000,2.539100,1,0
2022-12-16,sh.688678,20.7300,21.1900,19.9400,19.9900,21.0000,1778308,36053675.1800,2.025300,-4.809500,1,0
2022-12-19,sh.688678,20.3000,20.3000,19.3600,19.4700,19.9900,1722023,33874505.1200,1.961200,-2.601300,1,0
2022-12-20,sh.688678,19.4600,20.1900,19.3000,19.6500,19.4700,1501770,29664093.7500,1.710400,0.924500,1,0
2022-12-21,sh.688678,19.8500,19.8500,19.3600,19.7100,19.6500,1544960,30273577.5400,1.759600,0.305300,1,0
2022-12-22,sh.688678,19.6300,19.7200,18.8800,18.9400,19.7100,1677267,32143312.9900,1.910200,-3.906600,1,0
2022-12-23,sh.688678,19.0700,19.0700,18.5500,18.8000,18.9400,1138104,21344341.1000,1.265000,-0.739200,1,0
2022-12-26,sh.688678,18.6200,20.0200,18.6100,19.8500,18.8000,1741958,34078477.8500,1.936100,5.585100,1,0
2022-12-27,sh.688678,20.1000,20.5000,19.6900,20.2200,19.8500,2002171,40292918.5000,2.225300,1.864000,1,0
2022-12-28,sh.688678,20.4300,20.4600,19.6600,19.8900,20.2200,1818332,36324238.3200,2.021000,-1.632000,1,0
2022-12-29,sh.688678,19.8200,20.1900,19.6000,19.6800,19.8900,1086620,21573171.1200,1.207700,-1.055800,1,0
2022-12-30,sh.688678,19.8000,19.9500,19.1900,19.1900,19.6800,1439851,28006159.7100,1.600300,-2.489800,1,0
2023-01-03,sh.688678,19.2700,20.4200,19.0300,20.3700,19.1900,1939971,38629169.5300,2.156200,6.149000,1,0
2023-01-04,sh.688678,20.3600,20.4900,19.8300,20.0700,20.3700,1297794,26076379.4000,1.442500,-1.472800,1,0
2023-01-05,sh.688678,20.1800,20.8100,19.9300,20.5700,20.0700,2524169,51682046.4400,2.805500,2.491300,1,0
2023-01-06,sh.688678,20.5700,21.6600,20.4700,21.1200,20.5700,2663158,56495210.2300,2.960000,2.673800,1,0
2023-01-09,sh.688678,21.1200,22.3000,21.0200,21.6500,21.1200,3359920,72680527.3000,3.734400,2.509500,1,0
2023-01-10,sh.688678,21.6900,24.7900,21.6900,24.3100,21.6500,8570753,205469894.9500,9.526100,12.286400,1,0
2023-01-11,sh.688678,23.9500,24.2400,22.6800,22.6900,24.3100,5830130,136402252.2500,6.480000,-6.663900,1,0
2023-01-12,sh.688678,22.8500,24.1700,22.7000,23.7600,22.6900,4681053,110225948.9300,5.202800,4.715700,1,0
2023-01-13,sh.688678,24.1100,24.1100,23.1100,23.4600,23.7600,3099192,72898978.3200,3.444700,-1.262600,1,0
2023-01-16,sh.688678,23.4000,23.8600,23.1200,23.5400,23.4600,3077583,71941613.9400,3.420600,0.341000,1,0
2023-01-17,sh.688678,23.3800,23.7100,22.9000,23.4200,23.5400,2610362,60908698.4500,2.901300,-0.509800,1,0
2023-01-18,sh.688678,23.9100,24.4400,23.2700,24.1200,23.4200,3640703,87163234.1500,4.046500,2.988900,1,0
2023-01-19,sh.688678,24.1200,24.9500,23.9300,24.0400,24.1200,2224682,53997262.7900,2.472700,-0.331700,1,0
2023-01-20,sh.688678,24.0700,24.3200,23.8500,24.0500,24.0400,1673934,40256164.3900,1.860500,0.041600,1,0
2023-01-30,sh.688678,24.2600,24.6600,23.5000,23.7500,24.0500,2647914,63391133.5500,2.943100,-1.247400,1,0
2023-01-31,sh.688678,23.8800,24.1000,23.4500,23.7000,23.7500,1831927,43682422.0300,2.036100,-0.210500,1,0
2023-02-01,sh.688678,23.9000,24.2000,23.5300,24.0300,23.7000,1654444,39364312.5000,1.838900,1.392400,1,0
2023-02-02,sh.688678,24.1500,24.1800,23.6100,23.6600,24.0300,1926027,45893488.7800,2.140700,-1.539700,1,0
2023-02-03,sh.688678,23.7700,23.8700,22.9100,23.3500,23.6600,2503807,58347589.2100,2.782900,-1.310200,1,0
2023-02-06,sh.688678,23.4000,23.6900,22.9800,23.2300,23.3500,1774534,41283299.0100,1.972300,-0.513900,1,0
2023-02-07,sh.688678,23.3400,23.8000,23.2000,23.5800,23.2300,1468977,34559112.6100,1.632700,1.506700,1,0
2023-02-08,sh.688678,23.5800,23.8300,23.3000,23.5300,23.5800,1429687,33766135.5800,1.589100,-0.212000,1,0
2023-02-09,sh.688678,23.5700,24.1500,23.2600,24.0000,23.5300,2055687,49041236.8000,2.284800,1.997500,1,0
2023-02-10,sh.688678,24.1500,24.1500,23.2000,23.6500,24.0000,2394034,56637584.0500,2.660900,-1.458300,1,0
2023-02-13,sh.688678,23.3900,25.3600,23.3900,25.1400,23.6500,4272914,106138559.9400,4.749200,6.300200,1,0
